Tyear,GrpTyear,Site,Year,Date,Round,Quad,Image,Species,Len,Area
IRC23_2021_1,IRC23_2021,IRC23,2021,03/18,1,5,,BRATOU,11.174,42.184
IRC23_2021_1,IRC23_2021,IRC23,2021,03/18,1,5,,BRATOU,10.470,41.157
IRC23_2021_1,IRC23_2021,IRC23,2021,03/18,1,5,,BRATOU,10.274,31.605
IRC13_2021_1,IRC13_2021,IRC13,2021,03/18,1,45,7874,MEDPOL,10.257,63.621
IRC13_2021_1,IRC13_2021,IRC13,2021,03/18,1,45,7875,MEDPOL,10.785,70.566
IRC13_2021_1,IRC13_2021,IRC13,2021,03/18,1,45,7877,MEDPOL,12.084,86.284
IRC13_2021_1,IRC13_2021,IRC13,2021,03/18,1,45,7878,EROCIC,13.025,75.180
IRC13_2021_1,IRC13_2021,IRC13,2021,03/18,1,45,7879,EROCIC,12.808,72.445
IRC13_2021_1,IRC13_2021,IRC13,2021,03/18,1,45,7880,EROCIC,12.637,66.509
IRC13_2021_1,IRC13_2021,IRC13,2021,03/18,1,45,7881,EROCIC,13.151,64.275
IRC13_2021_1,IRC13_2021,IRC13,2021,03/18,1,40,7888,PHAPAR,29.810,796.206
IRC13_2021_1,IRC13_2021,IRC13,2021,03/18,1,40,7890,PHAPAR,28.910,641.776
IRC13_2021_1,IRC13_2021,IRC13,2021,03/18,1,40,7889,PHAPAR,28.015,771.454
IRC13_2021_1,IRC13_2021,IRC13,2021,03/18,1,40,7891,EROCIC,11.268,57.872
IRC13_2021_1,IRC13_2021,IRC13,2021,03/18,1,40,7892,MEDPOL,7.204,39.040
IRC13_2021_1,IRC13_2021,IRC13,2021,03/18,1,40,7894,MEDPOL,10.445,57.038
IRC13_2021_1,IRC13_2021,IRC13,2021,03/18,1,40,7896,MEDPOL,9.478,51.428
IRC13_2021_1,IRC13_2021,IRC13,2021,03/18,1,40,7897,MEDPOL,13.791,92.516
IRC13_2021_1,IRC13_2021,IRC13,2021,03/18,1,40,7898,MEDPOL,9.113,61.362
IRC13_2021_1,IRC13_2021,IRC13,2021,03/18,1,35,7904,MEDPOL,11.695,81.586
IRC13_2021_1,IRC13_2021,IRC13,2021,03/18,1,35,7905,MEDPOL,10.537,64.853
IRC13_2021_1,IRC13_2021,IRC13,2021,03/18,1,35,7906,MEDPOL,9.261,58.190
IRC13_2021_1,IRC13_2021,IRC13,2021,03/18,1,30,7913,PHAPAR,27.395,609.643
IRC13_2021_1,IRC13_2021,IRC13,2021,03/18,1,30,7914,EROCIC,11.155,29.593
IRC13_2021_1,IRC13_2021,IRC13,2021,03/18,1,30,7915,EROCIC,9.490,39.375
IRC13_2021_1,IRC13_2021,IRC13,2021,03/18,1,30,7916,EROB,13.840,131.695
IRC13_2021_1,IRC13_2021,IRC13,2021,03/18,1,25,7924,CRY,4.912,25.003
IRC13_2021_1,IRC13_2021,IRC13,2021,03/18,1,25,7924,CRY,5.920,28.826
IRC13_2021_1,IRC13_2021,IRC13,2021,03/18,1,25,7924,CRY,7.814,37.600
IRC13_2021_1,IRC13_2021,IRC13,2021,03/18,1,25,7925,PHAPAR,,
IRC13_2021_1,IRC13_2021,IRC13,2021,03/18,1,25,7926,CRY,6.841,30.257
IRC13_2021_1,IRC13_2021,IRC13,2021,03/18,1,25,7926,CRY,6.859,30.434
IRC13_2021_1,IRC13_2021,IRC13,2021,03/18,1,25,7927,CRY,6.724,29.760
IRC13_2021_1,IRC13_2021,IRC13,2021,03/18,1,25,7928,CRY,8.752,50.190
IRC13_2021_1,IRC13_2021,IRC13,2021,03/18,1,25,7929,PHAPAR,29.416,576.961
IRC13_2021_1,IRC13_2021,IRC13,2021,03/18,1,25,7930,PHAPAR,28.692,511.552
IRC13_2021_1,IRC13_2021,IRC13,2021,03/18,1,25,7932,PHAPAR,27.011,484.634
IRC13_2021_1,IRC13_2021,IRC13,2021,03/18,1,20,7946,PHAPAR,29.410,562.570
IRC13_2021_1,IRC13_2021,IRC13,2021,03/18,1,20,7947,PHAPAR,27.413,502.566
IRC13_2021_1,IRC13_2021,IRC13,2021,03/18,1,20,7948,PHAPAR,31.288,606.858
IRC13_2021_1,IRC13_2021,IRC13,2021,03/18,1,20,7949,PHAPAR,27.840,505.214
IRC13_2021_1,IRC13_2021,IRC13,2021,03/18,1,20,7950,CRY,8.257,43.804
IRC13_2021_1,IRC13_2021,IRC13,2021,03/18,1,20,7950,CRY,6.116,25.848
IRC13_2021_1,IRC13_2021,IRC13,2021,03/18,1,20,7950,CRY,7.418,44.176
IRC13_2021_1,IRC13_2021,IRC13,2021,03/18,1,20,7951,CRY,6.921,30.614
IRC13_2021_1,IRC13_2021,IRC13,2021,03/18,1,20,7952,CRY,6.313,32.043
IRC13_2021_1,IRC13_2021,IRC13,2021,03/18,1,20,7953,PHAPAR,27.614,508.096
IRC13_2021_1,IRC13_2021,IRC13,2021,03/18,1,20,7954,PHAPAR,26.819,467.886
IRC13_2021_1,IRC13_2021,IRC13,2021,03/18,1,15,7956,PHAPAR,26.911,478.272
IRC13_2021_1,IRC13_2021,IRC13,2021,03/18,1,15,7957,PHAPAR,30.535,666.430
IRC13_2021_1,IRC13_2021,IRC13,2021,03/18,1,15,7958,PHAPAR,22.691,361.254
IRC13_2021_1,IRC13_2021,IRC13,2021,03/18,1,15,7960,CRY,7.305,39.588
IRC13_2021_1,IRC13_2021,IRC13,2021,03/18,1,10,7961,MEDPOL,7.155,33.163
IRC13_2021_1,IRC13_2021,IRC13,2021,03/18,1,10,7962,MEDPOL,6.588,27.244
IRC13_2021_1,IRC13_2021,IRC13,2021,03/18,1,10,7963,MEDPOL,6.972,33.468
IRC13_2021_1,IRC13_2021,IRC13,2021,03/18,1,5,7970,PHAPAR,31.384,609.970
IRC13_2021_1,IRC13_2021,IRC13,2021,03/18,1,5,7971,PHAPAR,23.873,471.656
IRC13_2021_1,IRC13_2021,IRC13,2021,03/18,1,5,7972,CRY,5.640,20.459
IRC13_2021_1,IRC13_2021,IRC13,2021,03/18,1,5,7972,CRY,4.389,13.929
IRC13_2021_1,IRC13_2021,IRC13,2021,03/18,1,5,7973,CRY,5.799,24.657
IRC13_2021_1,IRC13_2021,IRC13,2021,03/18,1,5,7974,EROCIC,8.984,36.785
IRC13_2021_1,IRC13_2021,IRC13,2021,03/18,1,5,7975,PHAPAR,27.575,445.247
IRC13_2021_1,IRC13_2021,IRC13,2021,03/18,1,0,7981,EROCIC,8.292,36.667
IRC13_2021_1,IRC13_2021,IRC13,2021,03/18,1,0,7982,EROCIC,8.271,32.877
IRC13_2021_1,IRC13_2021,IRC13,2021,03/18,1,0,7983,MEDPOL,17.985,
IRC01_2021_1,IRC01_2021,IRC01,2021,03/22,1,0,8133,DICCAP,16.557,
IRC01_2021_1,IRC01_2021,IRC01,2021,03/22,1,10,8159,CLAPER,3.645,8.685
IRC01_2021_1,IRC01_2021,IRC01,2021,03/22,1,10,8160,CLAPER,3.323,6.070
IRC01_2021_1,IRC01_2021,IRC01,2021,03/22,1,15,8174,CLAPER,4.827,12.472
IRC01_2021_1,IRC01_2021,IRC01,2021,03/22,1,15,8176,CLAPER,4.702,14.076
IRC01_2021_1,IRC01_2021,IRC01,2021,03/22,1,20,8194,CLAPER,4.912,15.574
IRC01_2021_1,IRC01_2021,IRC01,2021,03/22,1,20,8195,CLAPER,5.162,16.058
IRC01_2021_1,IRC01_2021,IRC01,2021,03/22,1,20,8196,CLAPER,4.325,12.231
GYP01_2021_1,GYP01_2021,GYP01,2021,03/23,1,45,8259,EROCIC,12.781,70.124
GYP01_2021_1,GYP01_2021,GYP01,2021,03/23,1,45,8260,EROCIC,7.205,24.914
GYP01_2021_1,GYP01_2021,GYP01,2021,03/23,1,25,8294,EROCIC,12.940,72.084
GYP01_2021_1,GYP01_2021,GYP01,2021,03/23,1,25,8295,EROCIC,15.279,79.623
GYP01_2021_1,GYP01_2021,GYP01,2021,03/23,1,25,8296,ESCCAL,26.085,1035.022
GYP01_2021_1,GYP01_2021,GYP01,2021,03/23,1,25,8298,EROCIC,11.556,34.794
GYP08_2021_1,GYP08_2021,GYP08,2021,03/23,1,15,8348,SISBEL,21.441,232.728
GYP08_2021_1,GYP08_2021,GYP08,2021,03/23,1,15,8349,SISBEL,22.482,216.330
GYP08_2021_1,GYP08_2021,GYP08,2021,03/23,1,15,8350,SISBEL,21.739,191.430
GYP08_2021_1,GYP08_2021,GYP08,2021,03/23,1,15,8351,SISBEL,20.071,183.824
GYP08_2021_1,GYP08_2021,GYP08,2021,03/23,1,15,8352,SISBEL,17.274,149.250
GYP08_2021_1,GYP08_2021,GYP08,2021,03/23,1,15,8353,SISBEL,22.290,200.827
GYP08_2021_1,GYP08_2021,GYP08,2021,03/23,1,15,8354,SISBEL,29.397,305.313
GYP08_2021_1,GYP08_2021,GYP08,2021,03/23,1,15,8355,SISBEL,29.303,275.639
GYP08_2021_1,GYP08_2021,GYP08,2021,03/23,1,15,8356,SISBEL,24.375,272.397
GYP08_2021_1,GYP08_2021,GYP08,2021,03/23,1,15,8357,SISBEL,19.106,192.603
GYP08_2021_1,GYP08_2021,GYP08,2021,03/23,1,25,8380,MICLIN,6.263,25.262
GYP08_2021_1,GYP08_2021,GYP08,2021,03/23,1,25,8381,MICLIN,10.540,60.951
GYP08_2021_1,GYP08_2021,GYP08,2021,03/23,1,25,8382,MICLIN,8.389,44.228
GYP08_2021_1,GYP08_2021,GYP08,2021,03/23,1,25,8383,MICLIN,10.731,62.707
GYP08_2021_1,GYP08_2021,GYP08,2021,03/23,1,25,8384,MICLIN,7.140,28.059
GYP08_2021_1,GYP08_2021,GYP08,2021,03/23,1,25,8385,MICLIN,8.743,31.407
SS05_2021_1,SS05_2021,SS05,2021,03/25,1,30,8417,BRATOU,7.254,25.930
SS05_2021_1,SS05_2021,SS05,2021,03/25,1,30,8418,BRATOU,9.123,31.028
SS05_2021_1,SS05_2021,SS05,2021,03/25,1,30,8419,BRATOU,10.517,38.716
SS05_2021_1,SS05_2021,SS05,2021,03/25,1,30,8421,BRATOU,8.730,30.365
SS05_2021_1,SS05_2021,SS05,2021,03/25,1,45,8464,EROCIC,10.471,49.364
SS05_2021_1,SS05_2021,SS05,2021,03/25,1,45,8465,EROCIC,11.193,53.049
SS05_2021_1,SS05_2021,SS05,2021,03/25,1,40,8467,MIRLAE,21.022,323.258
SS05_2021_1,SS05_2021,SS05,2021,03/25,1,40,8468,MIRLAE,20.226,294.777
SS05_2021_1,SS05_2021,SS05,2021,03/25,1,40,8470,MIRLAE,19.633,255.714
SS05_2021_1,SS05_2021,SS05,2021,03/25,1,40,8471,MIRLAE,18.344,217.011
SS05_2021_1,SS05_2021,SS05,2021,03/25,1,35,8473,BRATOU,9.872,36.780
SS05_2021_1,SS05_2021,SS05,2021,03/25,1,35,8474,BRATOU,9.806,42.564
SS05_2021_1,SS05_2021,SS05,2021,03/25,1,35,8475,BRATOU,9.192,32.640
SS05_2021_1,SS05_2021,SS05,2021,03/25,1,35,8476,BRATOU,8.382,29.679
SS05_2021_1,SS05_2021,SS05,2021,03/25,1,35,8477,BRATOU,10.211,50.778
SS05_2021_1,SS05_2021,SS05,2021,03/25,1,35,8478,BRATOU,10.076,37.115
SS05_2021_1,SS05_2021,SS05,2021,03/25,1,35,8479,BRATOU,8.601,32.187
SS05_2021_1,SS05_2021,SS05,2021,03/25,1,35,8480,BRATOU,9.682,39.550
SS05_2021_1,SS05_2021,SS05,2021,03/25,1,35,8481,BRATOU,10.280,43.564
SS05_2021_1,SS05_2021,SS05,2021,03/25,1,30,8483,BRATOU,9.737,38.420
SS05_2021_1,SS05_2021,SS05,2021,03/25,1,30,8484,BRATOU,8.962,29.732
SS05_2021_1,SS05_2021,SS05,2021,03/25,1,30,8485,BRATOU,10.309,34.820
SS05_2021_1,SS05_2021,SS05,2021,03/25,1,30,8486,BRATOU,8.140,27.932
SS05_2021_1,SS05_2021,SS05,2021,03/25,1,30,8487,BRATOU,7.582,20.998
SS05_2021_1,SS05_2021,SS05,2021,03/25,1,30,8488,BRATOU,8.366,29.861
SS05_2021_1,SS05_2021,SS05,2021,03/25,1,30,8489,BRATOU,8.280,37.856
SS05_2021_1,SS05_2021,SS05,2021,03/25,1,30,8490,BRATOU,9.497,43.074
SS05_2021_1,SS05_2021,SS05,2021,03/25,1,25,8492,CRY,6.155,29.195
SS05_2021_1,SS05_2021,SS05,2021,03/25,1,25,8493,CRY,6.783,35.330
SS05_2021_1,SS05_2021,SS05,2021,03/25,1,25,8494,BRATOU,10.536,34.784
SS05_2021_1,SS05_2021,SS05,2021,03/25,1,25,8495,BRATOU,10.950,42.122
SS05_2021_1,SS05_2021,SS05,2021,03/25,1,25,8496,BRATOU,8.530,29.307
SS05_2021_1,SS05_2021,SS05,2021,03/25,1,25,8497,BRATOU,10.066,39.440
SS05_2021_1,SS05_2021,SS05,2021,03/25,1,25,8498,BRATOU,10.141,37.522
SS05_2021_1,SS05_2021,SS05,2021,03/25,1,25,8499,BRATOU,9.252,32.432
SS05_2021_1,SS05_2021,SS05,2021,03/25,1,25,8500,BRATOU,8.288,27.397
SS05_2021_1,SS05_2021,SS05,2021,03/25,1,25,8501,BRATOU,9.670,30.604
SS05_2021_1,SS05_2021,SS05,2021,03/25,1,25,8502,BRATOU,8.548,24.001
SS05_2021_1,SS05_2021,SS05,2021,03/25,1,25,8503,EROCIC,11.718,54.295
SS05_2021_1,SS05_2021,SS05,2021,03/25,1,25,8504,EROCIC,7.858,22.621
SS05_2021_1,SS05_2021,SS05,2021,03/25,1,20,8507,BRATOU,9.288,35.017
SS05_2021_1,SS05_2021,SS05,2021,03/25,1,20,8508,BRATOU,9.685,41.954
SS05_2021_1,SS05_2021,SS05,2021,03/25,1,20,8509,BRATOU,9.871,37.194
SS05_2021_1,SS05_2021,SS05,2021,03/25,1,20,8510,BRATOU,10.603,42.653
SS05_2021_1,SS05_2021,SS05,2021,03/25,1,20,8511,BRATOU,10.683,41.864
SS05_2021_1,SS05_2021,SS05,2021,03/25,1,20,8512,BRATOU,9.186,29.464
SS05_2021_1,SS05_2021,SS05,2021,03/25,1,20,8513,BRATOU,9.417,33.899
SS05_2021_1,SS05_2021,SS05,2021,03/25,1,20,8515,BRATOU,10.115,41.824
SS05_2021_1,SS05_2021,SS05,2021,03/25,1,20,8516,BRATOU,8.625,31.107
SS05_2021_1,SS05_2021,SS05,2021,03/25,1,20,8517,EROCIC,11.082,54.519
SS05_2021_1,SS05_2021,SS05,2021,03/25,1,20,8518,EROCIC,10.598,56.953
SS05_2021_1,SS05_2021,SS05,2021,03/25,1,20,8519,EROCIC,10.985,48.103
SS05_2021_1,SS05_2021,SS05,2021,03/25,1,20,8520,EROCIC,10.267,46.448
SS05_2021_1,SS05_2021,SS05,2021,03/25,1,20,8521,EROCIC,11.417,50.033
SS05_2021_1,SS05_2021,SS05,2021,03/25,1,20,8522,EROCIC,10.656,52.211
SS05_2021_1,SS05_2021,SS05,2021,03/25,1,20,8523,EROCIC,12.632,64.755
SS05_2021_1,SS05_2021,SS05,2021,03/25,1,20,8524,EROCIC,12.069,62.231
SS05_2021_1,SS05_2021,SS05,2021,03/25,1,20,8525,CRY,7.833,39.307
SS05_2021_1,SS05_2021,SS05,2021,03/25,1,20,8527,CRY,7.311,41.690
SS05_2021_1,SS05_2021,SS05,2021,03/25,1,15,8529,BRATOU,8.820,31.211
SS05_2021_1,SS05_2021,SS05,2021,03/25,1,15,8531,BRATOU,9.906,37.492
SS05_2021_1,SS05_2021,SS05,2021,03/25,1,15,8532,BRATOU,11.372,51.730
SS05_2021_1,SS05_2021,SS05,2021,03/25,1,15,8533,BRATOU,11.016,39.472
SS05_2021_1,SS05_2021,SS05,2021,03/25,1,15,8534,BRATOU,9.646,39.823
SS05_2021_1,SS05_2021,SS05,2021,03/25,1,15,8535,BRATOU,8.690,27.328
SS05_2021_1,SS05_2021,SS05,2021,03/25,1,15,8536,BRATOU,10.036,35.896
SS05_2021_1,SS05_2021,SS05,2021,03/25,1,15,8538,BRATOU,8.874,29.468
I14_2021_1,I14_2021,I14,2021,03/26,1,10,8594,SONOLE,8.361,57.596
I14_2021_1,I14_2021,I14,2021,03/26,1,10,8595,SONOLE,11.072,92.667
I14_2021_1,I14_2021,I14,2021,03/26,1,10,8596,SONOLE,9.720,77.453
I14_2021_1,I14_2021,I14,2021,03/26,1,10,8597,SONOLE,12.891,146.735
I14_2021_1,I14_2021,I14,2021,03/26,1,10,8598,EROCIC,13.299,66.399
I14_2021_1,I14_2021,I14,2021,03/26,1,10,8599,EROCIC,11.954,57.154
I14_2021_1,I14_2021,I14,2021,03/26,1,10,8600,EROCIC,11.237,54.073
I14_2021_1,I14_2021,I14,2021,03/26,1,10,8601,EROCIC,9.494,36.981
I14_2021_1,I14_2021,I14,2021,03/26,1,10,8602,EROCIC,8.568,31.756
I14_2021_1,I14_2021,I14,2021,03/26,1,10,8603,EROCIC,11.334,48.520
I14_2021_1,I14_2021,I14,2021,03/26,1,10,8604,EROCIC,11.216,42.875
I14_2021_1,I14_2021,I14,2021,03/26,1,10,8605,LUPBIC,8.745,
I14_2021_1,I14_2021,I14,2021,03/26,1,10,8605,LUPBIC,8.411,
I14_2021_1,I14_2021,I14,2021,03/26,1,10,8606,LUPBIC,8.232,
I14_2021_1,I14_2021,I14,2021,03/26,1,10,8606,LUPBIC,6.670,
I14_2021_1,I14_2021,I14,2021,03/26,1,30,8650,EROCIC,10.382,41.805
I14_2021_1,I14_2021,I14,2021,03/26,1,30,8651,EROCIC,10.106,37.220
I14_2021_1,I14_2021,I14,2021,03/26,1,30,8652,EROCIC,11.510,51.775
I14_2021_1,I14_2021,I14,2021,03/26,1,30,8654,EROCIC,10.536,50.430
I14_2021_1,I14_2021,I14,2021,03/26,1,30,8655,EROCIC,10.997,47.125
I14_2021_1,I14_2021,I14,2021,03/26,1,30,8656,EROCIC,10.714,41.145
I14_2021_1,I14_2021,I14,2021,03/26,1,30,8657,EROCIC,11.008,52.055
I14_2021_1,I14_2021,I14,2021,03/26,1,30,8658,EROCIC,12.402,58.210
I14_2021_1,I14_2021,I14,2021,03/26,1,30,8659,EROCIC,11.308,52.281
I14_2021_1,I14_2021,I14,2021,03/26,1,30,8660,EROCIC,11.062,51.405
I14_2021_1,I14_2021,I14,2021,03/26,1,30,8661,EROCIC,10.788,53.255
I14_2021_1,I14_2021,I14,2021,03/26,1,35,8675,EROCIC,9.902,36.597
I14_2021_1,I14_2021,I14,2021,03/26,1,35,8676,EROCIC,10.278,41.060
I14_2021_1,I14_2021,I14,2021,03/26,1,35,8677,EROCIC,11.454,43.690
I14_2021_1,I14_2021,I14,2021,03/26,1,35,8678,EROCIC,10.246,43.540
I14_2021_1,I14_2021,I14,2021,03/26,1,35,8679,EROCIC,8.022,27.710
I14_2021_1,I14_2021,I14,2021,03/26,1,35,8682,EROCIC,10.128,42.715
I14_2021_1,I14_2021,I14,2021,03/26,1,35,8683,EROCIC,9.842,33.570
I14_2021_1,I14_2021,I14,2021,03/26,1,35,8684,EROCIC,9.356,35.225
I14_2021_1,I14_2021,I14,2021,03/26,1,35,8685,EROCIC,11.400,36.520
I14_2021_1,I14_2021,I14,2021,03/26,1,35,8686,EROCIC,13.238,52.690
I14_2021_1,I14_2021,I14,2021,03/26,1,35,8687,GILANG,8.052,38.980
I14_2021_1,I14_2021,I14,2021,03/26,1,40,8698,LUPBIC,7.473,
I14_2021_1,I14_2021,I14,2021,03/26,1,40,8698,LUPBIC,6.886,
I14_2021_1,I14_2021,I14,2021,03/26,1,40,8698,LUPBIC,7.389,
I14_2021_1,I14_2021,I14,2021,03/26,1,40,8698,LUPBIC,7.191,
I14_2021_1,I14_2021,I14,2021,03/26,1,40,8699,ESCCAL,21.831,457.929
I14_2021_1,I14_2021,I14,2021,03/26,1,40,8700,EROCIC,13.868,83.802
I14_2021_1,I14_2021,I14,2021,03/26,1,40,8701,EROCIC,12.245,66.495
I14_2021_1,I14_2021,I14,2021,03/26,1,40,8702,EROCIC,12.206,66.032
I14_2021_1,I14_2021,I14,2021,03/26,1,40,8703,GILANG,8.902,45.130
I14_2021_1,I14_2021,I14,2021,03/26,1,40,8704,GILANG,9.944,51.455
I14_2021_1,I14_2021,I14,2021,03/26,1,40,8705,GILANG,9.108,43.903
I14_2021_1,I14_2021,I14,2021,03/26,1,40,8706,GILANG,9.822,50.923
I14_2021_1,I14_2021,I14,2021,03/26,1,40,8710,SONOLE,18.554,330.672
I14_2021_1,I14_2021,I14,2021,03/26,1,40,8712,SONOLE,18.267,280.258
I14_2021_1,I14_2021,I14,2021,03/26,1,45,8724,GILANG,7.793,37.105
I14_2021_1,I14_2021,I14,2021,03/26,1,45,8722,GILANG,9.014,48.100
I14_2021_1,I14_2021,I14,2021,03/26,1,25,8727,EROCIC,11.708,56.452
I14_2021_1,I14_2021,I14,2021,03/26,1,25,8728,EROCIC,11.044,52.530
I14_2021_1,I14_2021,I14,2021,03/26,1,25,8729,EROCIC,9.996,50.340
I14_2021_1,I14_2021,I14,2021,03/26,1,25,8730,EROCIC,10.178,40.470
I14_2021_1,I14_2021,I14,2021,03/26,1,25,8731,EROCIC,13.502,69.940
I14_2021_1,I14_2021,I14,2021,03/26,1,25,8732,GILANG,8.565,40.194
I14_2021_1,I14_2021,I14,2021,03/26,1,25,8733,GILANG,7.438,33.514
I14_2021_1,I14_2021,I14,2021,03/26,1,25,8734,GILANG,8.052,38.729
I14_2021_1,I14_2021,I14,2021,03/26,1,25,8735,GILANG,6.814,31.865
I14_2021_1,I14_2021,I14,2021,03/26,1,25,8736,GILANG,7.045,31.056
I14_2021_1,I14_2021,I14,2021,03/26,1,25,8737,GILANG,7.450,33.068
I14_2021_1,I14_2021,I14,2021,03/26,1,25,8738,GILANG,7.508,36.434
I14_2021_1,I14_2021,I14,2021,03/26,1,25,8740,MEDPOL,5.498,15.805
I14_2021_1,I14_2021,I14,2021,03/26,1,30,8742,GILANG,9.727,53.206
I14_2021_1,I14_2021,I14,2021,03/26,1,30,8743,GILANG,8.128,50.767
I14_2021_1,I14_2021,I14,2021,03/26,1,35,8745,GILANG,9.289,49.302
I14_2021_1,I14_2021,I14,2021,03/26,1,35,8746,GILANG,9.607,43.516
I14_2021_1,I14_2021,I14,2021,03/26,1,35,8747,GILANG,7.478,29.534
I14_2021_1,I14_2021,I14,2021,03/26,1,35,8748,GILANG,6.337,27.049
I14_2021_1,I14_2021,I14,2021,03/26,1,35,8749,GILANG,9.815,46.255
I14_2021_1,I14_2021,I14,2021,03/26,1,35,8750,GILANG,9.360,42.340
I14_2021_1,I14_2021,I14,2021,03/26,1,35,8751,GILANG,7.261,33.430
I14_2021_1,I14_2021,I14,2021,03/26,1,10,8753,GILANG,7.855,34.386
I14_2021_1,I14_2021,I14,2021,03/26,1,10,8754,GILANG,7.590,27.154
I14_2021_1,I14_2021,I14,2021,03/26,1,10,8755,GILANG,8.733,39.470
I14_2021_1,I14_2021,I14,2021,03/26,1,10,8756,GILANG,8.877,40.608
I14_2021_1,I14_2021,I14,2021,03/26,1,10,8758,GILANG,7.951,35.929
I14_2021_1,I14_2021,I14,2021,03/26,1,10,8759,GILANG,6.441,25.310
I14_2021_1,I14_2021,I14,2021,03/26,1,10,8760,GILANG,8.270,40.288
I14_2021_1,I14_2021,I14,2021,03/26,1,10,8761,GILANG,8.353,33.612
I14_2021_1,I14_2021,I14,2021,03/26,1,10,8762,GILANG,7.521,29.629
I14_2021_1,I14_2021,I14,2021,03/26,1,5,8764,GILANG,7.700,32.851
I14_2021_1,I14_2021,I14,2021,03/26,1,5,8765,GILANG,8.255,38.278
I14_2021_1,I14_2021,I14,2021,03/26,1,5,8766,GILANG,7.996,35.996
I14_2021_1,I14_2021,I14,2021,03/26,1,5,8767,GILANG,8.369,33.885
I14_2021_1,I14_2021,I14,2021,03/26,1,5,8769,GILANG,8.373,38.650
I14_2021_1,I14_2021,I14,2021,03/26,1,0,8775,GILANG,8.766,45.590
I14_2021_1,I14_2021,I14,2021,03/26,1,0,8776,GILANG,8.323,33.044
I14_2021_1,I14_2021,I14,2021,03/26,1,0,8778,GILANG,8.415,38.937
I14_2021_1,I14_2021,I14,2021,03/26,1,0,8779,GILANG,6.956,29.164
I15_2021_1,I15_2021,I15,2021,03/26,1,20,8782,CALCIL,13.546,66.285
I15_2021_1,I15_2021,I15,2021,03/26,1,20,8783,CALCIL,13.854,129.435
I15_2021_1,I15_2021,I15,2021,03/26,1,20,8784,CALCIL,12.342,102.337
I15_2021_1,I15_2021,I15,2021,03/26,1,20,8785,CALCIL,14.628,151.001
I15_2021_1,I15_2021,I15,2021,03/26,1,20,8787,CALCIL,12.482,116.010
I15_2021_1,I15_2021,I15,2021,03/26,1,20,8788,CALCIL,8.497,45.872
I15_2021_1,I15_2021,I15,2021,03/26,1,20,8789,CALCIL,9.624,61.225
I15_2021_1,I15_2021,I15,2021,03/26,1,20,8790,CALCIL,11.752,86.461
I15_2021_1,I15_2021,I15,2021,03/26,1,20,8791,CALCIL,8.082,34.491
I15_2021_1,I15_2021,I15,2021,03/26,1,20,8792,CALCIL,6.401,25.676
I15_2021_1,I15_2021,I15,2021,03/26,1,20,8793,CALCIL,6.188,30.539
I15_2021_1,I15_2021,I15,2021,03/26,1,20,8794,CALCIL,9.938,34.880
I15_2021_1,I15_2021,I15,2021,03/26,1,20,8795,CALCIL,10.759,85.761
I15_2021_1,I15_2021,I15,2021,03/26,1,20,8796,CALCIL,9.025,52.186
I15_2021_1,I15_2021,I15,2021,03/26,1,20,8798,CALCIL,7.276,32.350
I15_2021_1,I15_2021,I15,2021,03/26,1,25,8810,CALCIL,19.789,255.695
I15_2021_1,I15_2021,I15,2021,03/26,1,30,8812,GILANG,9.843,54.556
I15_2021_1,I15_2021,I15,2021,03/26,1,30,8813,GILANG,8.343,34.287
I15_2021_1,I15_2021,I15,2021,03/26,1,30,8814,GILANG,7.444,29.823
GYP02_2021_1,GYP02_2021,GYP02,2021,03/29,1,30,8848,EROCIC,9.730,50.360
GYP02_2021_1,GYP02_2021,GYP02,2021,03/29,1,30,8849,EROCIC,11.423,52.458
GYP02_2021_1,GYP02_2021,GYP02,2021,03/29,1,30,8850,EROCIC,9.875,40.965
GYP02_2021_1,GYP02_2021,GYP02,2021,03/29,1,30,8851,CAMMIC,5.643,12.212
GYP02_2021_1,GYP02_2021,GYP02,2021,03/29,1,30,8854,CAMMIC,5.524,14.416
GYP02_2021_1,GYP02_2021,GYP02,2021,03/29,1,30,8855,CAMMIC,5.166,9.792
GYP02_2021_1,GYP02_2021,GYP02,2021,03/29,1,30,8856,CAMMIC,6.358,28.380
SS03_2021_1,SS03_2021,SS03,2021,03/30,1,0,8895,EROCIC,9.869,50.950
SS03_2021_1,SS03_2021,SS03,2021,03/30,1,0,8896,EROCIC,10.615,59.415
SS03_2021_1,SS03_2021,SS03,2021,03/30,1,0,8897,EROCIC,11.571,57.517
SS03_2021_1,SS03_2021,SS03,2021,03/30,1,0,8898,EROCIC,12.459,65.368
SS03_2021_1,SS03_2021,SS03,2021,03/30,1,0,8899,EROCIC,11.702,59.605
SS03_2021_1,SS03_2021,SS03,2021,03/30,1,0,8900,EROBRA,12.993,108.980
SS03_2021_1,SS03_2021,SS03,2021,03/30,1,0,8901,EROCIC,11.332,55.450
SS03_2021_1,SS03_2021,SS03,2021,03/30,1,5,8913,EROCIC,11.172,58.115
SS03_2021_1,SS03_2021,SS03,2021,03/30,1,5,8914,EROCIC,10.206,48.120
SS03_2021_1,SS03_2021,SS03,2021,03/30,1,5,8915,EROCIC,9.466,47.527
SS03_2021_1,SS03_2021,SS03,2021,03/30,1,5,8916,EROCIC,9.869,45.163
SS03_2021_1,SS03_2021,SS03,2021,03/30,1,5,8917,EROCIC,11.304,59.475
SS03_2021_1,SS03_2021,SS03,2021,03/30,1,15,8936,EROBRA,16.846,174.277
SS03_2021_1,SS03_2021,SS03,2021,03/30,1,15,8937,EROBRA,15.763,150.928
SS03_2021_1,SS03_2021,SS03,2021,03/30,1,15,8938,EROBRA,15.093,152.175
SS03_2021_1,SS03_2021,SS03,2021,03/30,1,15,8940,DICCAP,18.267,122.279
SS03_2021_1,SS03_2021,SS03,2021,03/30,1,15,8942,DICCAP,16.110,114.743
SS03_2021_1,SS03_2021,SS03,2021,03/30,1,20,8949,EROCIC,11.527,55.934
SS03_2021_1,SS03_2021,SS03,2021,03/30,1,20,8950,EROCIC,11.875,56.773
SS03_2021_1,SS03_2021,SS03,2021,03/30,1,20,8951,EROCIC,11.859,62.869
SS03_2021_1,SS03_2021,SS03,2021,03/30,1,20,8952,EROCIC,12.164,70.547
SS03_2021_1,SS03_2021,SS03,2021,03/30,1,25,8959,EROCIC,10.412,45.575
SS03_2021_1,SS03_2021,SS03,2021,03/30,1,40,8977,EROCIC,11.063,52.583
SS03_2021_1,SS03_2021,SS03,2021,03/30,1,45,8989,EROCIC,11.724,56.781
SS03_2021_1,SS03_2021,SS03,2021,03/30,1,45,8990,EROCIC,11.070,63.058
SS03_2021_1,SS03_2021,SS03,2021,03/30,1,45,8991,EROCIC,10.927,48.612
SS04_2021_1,SS04_2021,SS04,2021,3/30,1,45,9087,CRY,7.789,36.230
SS04_2021_1,SS04_2021,SS04,2021,3/30,1,45,9088,CRY,7.416,38.106
SS04_2021_1,SS04_2021,SS04,2021,3/30,1,45,9089,CRY,6.653,39.072
SS04_2021_1,SS04_2021,SS04,2021,3/30,1,45,9090,CRY,7.540,36.536
SS04_2021_1,SS04_2021,SS04,2021,3/30,1,45,9091,CRY,7.005,32.273
SS04_2021_1,SS04_2021,SS04,2021,3/30,1,45,9092,CRY,6.427,26.933
I40_2021_1,I40_2021,I40,2021,3/31,1,45,9119,MICLIN,10.080,50.423
I40_2021_1,I40_2021,I40,2021,3/31,1,45,9120,MICLIN,7.760,32.224
I40_2021_1,I40_2021,I40,2021,3/31,1,45,9122,MICLIN,6.420,23.140
I40_2021_1,I40_2021,I40,2021,3/31,1,45,9123,EROCIC,9.788,45.313
I40_2021_1,I40_2021,I40,2021,3/31,1,45,9124,EROCIC,9.681,44.496
I40_2021_1,I40_2021,I40,2021,3/31,1,45,9125,EROCIC,7.924,34.233
I40_2021_1,I40_2021,I40,2021,3/31,1,45,9126,EROCIC,9.520,39.548
I40_2021_1,I40_2021,I40,2021,3/31,1,45,9127,MICLIN,8.322,42.246
I40_2021_1,I40_2021,I40,2021,3/31,1,45,9129,EROCIC,9.144,47.840
I40_2021_1,I40_2021,I40,2021,3/31,1,45,9131,EROCIC,10.904,49.733
I40_2021_1,I40_2021,I40,2021,3/31,1,45,9132,MICLIN,10.210,53.189
I40_2021_1,I40_2021,I40,2021,3/31,1,45,9135,EROCIC,9.986,40.063
I40_2021_1,I40_2021,I40,2021,3/31,1,45,9136,EROCIC,8.387,41.867
I40_2021_1,I40_2021,I40,2021,3/31,1,45,9137,MICLIN,13.264,94.123
I40_2021_1,I40_2021,I40,2021,3/31,1,45,9138,MICLIN,11.186,71.918
I40_2021_1,I40_2021,I40,2021,3/31,1,45,9140,MICLIN,13.672,114.271
I40_2021_1,I40_2021,I40,2021,3/31,1,45,9142,EROCIC,9.286,41.937
I40_2021_1,I40_2021,I40,2021,3/31,1,45,9204,GILANG,7.258,27.879
I40_2021_1,I40_2021,I40,2021,3/31,1,45,9206,GILANG,6.988,25.918
I40_2021_1,I40_2021,I40,2021,3/31,1,40,9157,EROBOT,16.850,156.995
I40_2021_1,I40_2021,I40,2021,3/31,1,40,9160,EROCIC,10.753,48.770
I40_2021_1,I40_2021,I40,2021,3/31,1,40,9162,EROBOT,13.487,121.148
I40_2021_1,I40_2021,I40,2021,3/31,1,40,9165,EROCIC,12.949,52.789
I40_2021_1,I40_2021,I40,2021,3/31,1,35,9178,EROBOT,15.030,146.178
I40_2021_1,I40_2021,I40,2021,3/31,1,35,9179,EROCIC,8.079,35.291
I40_2021_1,I40_2021,I40,2021,3/31,1,35,9181,GILANG,5.968,31.835
I40_2021_1,I40_2021,I40,2021,3/31,1,35,9182,EROBOT,12.232,108.486
I40_2021_1,I40_2021,I40,2021,3/31,1,35,9183,EROBOT,16.426,136.116
I40_2021_1,I40_2021,I40,2021,3/31,1,35,9209,GILANG,8.046,37.586
I40_2021_1,I40_2021,I40,2021,3/31,1,35,9210,GILANG,7.226,34.154
I40_2021_1,I40_2021,I40,2021,3/31,1,35,9211,GILANG,5.361,17.929
I40_2021_1,I40_2021,I40,2021,3/31,1,35,9212,GILANG,6.411,21.925
I08_2021_1,I08_2021,I08,2021,3/31,1,45,9215,LUPBIC,11.733,62.021
I08_2021_1,I08_2021,I08,2021,3/31,1,20,9226,DICCAP,10.612,49.533
I08_2021_1,I08_2021,I08,2021,3/31,1,15,9232,DICCAP,14.337,69.889
I08_2021_1,I08_2021,I08,2021,3/31,1,15,9234,DICCAP,10.875,53.174
GYP09_2021_1,GYP09_2021,GYP09,2021,04/01,1,30,9277,SALMEL,8.107,25.034
GYP09_2021_1,GYP09_2021,GYP09,2021,04/01,1,30,9278,SALMEL,6.171,14.634
GYP09_2021_1,GYP09_2021,GYP09,2021,04/01,1,30,9279,SALMEL,7.622,24.828
GYP09_2021_1,GYP09_2021,GYP09,2021,04/01,1,30,9280,SALMEL,6.687,23.240
GYP09_2021_1,GYP09_2021,GYP09,2021,04/01,1,30,9281,SALMEL,8.132,28.703
GYP09_2021_1,GYP09_2021,GYP09,2021,04/01,1,30,9283,SALMEL,10.188,44.430
GYP09_2021_1,GYP09_2021,GYP09,2021,04/01,1,20,9295,SALMEL,10.105,33.466
GYP09_2021_1,GYP09_2021,GYP09,2021,04/01,1,20,9302,SALMEL,9.766,36.966
GYP09_2021_1,GYP09_2021,GYP09,2021,04/01,1,20,9304,SALMEL,11.260,41.984
GYP09_2021_1,GYP09_2021,GYP09,2021,04/01,1,20,9303,SALMEL,11.137,46.440
GYP09_2021_1,GYP09_2021,GYP09,2021,04/01,1,0,9343,EUCCHR,5.435,18.102
GYP09_2021_1,GYP09_2021,GYP09,2021,04/01,1,0,9344,PHOAUR,18.114,206.144
GYP09_2021_1,GYP09_2021,GYP09,2021,04/01,1,0,9346,PHOAUR,18.610,230.402
I02_2021_1,I02_2021,I02,2021,04/01,1,45,9363,HIRINC,13.340,80.564
I02_2021_1,I02_2021,I02,2021,04/01,1,45,9364,HIRINC,12.068,51.624
I02_2021_1,I02_2021,I02,2021,04/01,1,45,9365,HIRINC,8.692,35.810
I02_2021_1,I02_2021,I02,2021,04/01,1,40,9367,HIRINC,10.949,61.448
I02_2021_1,I02_2021,I02,2021,04/01,1,40,9368,HIRINC,10.531,53.538
I02_2021_1,I02_2021,I02,2021,04/01,1,35,9371,HIRINC,8.661,31.238
I02_2021_1,I02_2021,I02,2021,04/01,1,35,9372,HIRINC,9.188,36.232
I02_2021_1,I02_2021,I02,2021,04/01,1,35,9373,HIRINC,10.138,46.221
I02_2021_1,I02_2021,I02,2021,04/01,1,35,9374,HIRINC,11.106,59.384
I02_2021_1,I02_2021,I02,2021,04/01,1,35,9375,HIRINC,10.649,46.568
I02_2021_1,I02_2021,I02,2021,04/01,1,30,9377,HIRINC,11.842,74.156
I02_2021_1,I02_2021,I02,2021,04/01,1,30,9278,HIRINC,8.767,34.203
I02_2021_1,I02_2021,I02,2021,04/01,1,25,9381,HIRINC,10.193,51.522
I02_2021_1,I02_2021,I02,2021,04/01,1,25,9382,HIRINC,10.436,56.832
I02_2021_1,I02_2021,I02,2021,04/01,1,20,9385,HIRINC,9.219,42.949
I02_2021_1,I02_2021,I02,2021,04/01,1,20,9386,HIRINC,8.255,34.069
I02_2021_1,I02_2021,I02,2021,04/01,1,15,9390,HIRINC,10.506,47.614
I02_2021_1,I02_2021,I02,2021,04/01,1,10,9393,HIRINC,9.738,53.412
I02_2021_1,I02_2021,I02,2021,04/01,1,0,9399,HIRINC,11.460,59.564
I02_2021_1,I02_2021,I02,2021,04/01,1,0,9400,HIRINC,9.296,47.128
I02_2021_1,I02_2021,I02,2021,04/01,1,0,9402,HIRINC,9.689,55.726
I02_2021_1,I02_2021,I02,2021,04/01,1,0,9403,HIRINC,8.877,37.472
I02_2021_1,I02_2021,I02,2021,04/01,1,0,9404,HIRINC,8.772,35.846
I02_2021_1,I02_2021,I02,2021,04/01,1,0,9405,HIRINC,11.322,56.072
I02_2021_1,I02_2021,I02,2021,04/01,1,0,9406,HIRINC,10.504,46.430
I02_2021_1,I02_2021,I02,2021,04/01,1,0,9407,HIRINC,10.952,46.352
IRC08_2021_1,IRC08_2021,IRC08,2021,04/02,1,45,9498,EUCCHR,5.781,20.519
IRC08_2021_1,IRC08_2021,IRC08,2021,04/02,1,45,9499,EUCCHR,5.929,22.113
IRC08_2021_1,IRC08_2021,IRC08,2021,04/02,1,45,9500,EUCCHR,4.516,12.839
IRC08_2021_1,IRC08_2021,IRC08,2021,04/02,1,45,9501,EUCCHR,6.163,21.906
IRC08_2021_1,IRC08_2021,IRC08,2021,04/02,1,45,9502,EUCCHR,5.958,23.695
IRC08_2021_1,IRC08_2021,IRC08,2021,04/02,1,45,9503,EUCCHR,3.596,8.975
IRC08_2021_1,IRC08_2021,IRC08,2021,04/02,1,45,9505,EUCCHR,6.773,27.056
IRC08_2021_1,IRC08_2021,IRC08,2021,04/02,1,40,9509,EUCCHR,6.731,26.857
IRC08_2021_1,IRC08_2021,IRC08,2021,04/02,1,40,9510,EUCCHR,5.628,21.517
IRC08_2021_1,IRC08_2021,IRC08,2021,04/02,1,40,9512,EUCCHR,6.381,25.314
IRC08_2021_1,IRC08_2021,IRC08,2021,04/02,1,40,9513,EUCCHR,6.363,26.721
IRC08_2021_1,IRC08_2021,IRC08,2021,04/02,1,40,9514,EUCCHR,6.800,25.822
IRC08_2021_1,IRC08_2021,IRC08,2021,04/02,1,40,9515,EUCCHR,6.725,26.961
IRC08_2021_1,IRC08_2021,IRC08,2021,04/02,1,40,9516,EUCCHR,6.604,27.944
IRC08_2021_1,IRC08_2021,IRC08,2021,04/02,1,40,9518,EUCCHR,7.107,30.362
IRC08_2021_1,IRC08_2021,IRC08,2021,04/02,1,40,9519,EUCCHR,6.685,28.392
IRC08_2021_1,IRC08_2021,IRC08,2021,04/02,1,35,9521,EUCCHR,7.710,35.768
IRC08_2021_1,IRC08_2021,IRC08,2021,04/02,1,35,9524,EUCCHR,6.296,25.491
IRC08_2021_1,IRC08_2021,IRC08,2021,04/02,1,35,9525,EUCCHR,5.397,17.779
IRC08_2021_1,IRC08_2021,IRC08,2021,04/02,1,35,9526,EUCCHR,6.791,30.743
IRC08_2021_1,IRC08_2021,IRC08,2021,04/02,1,30,9529,EUCCHR,7.052,31.059
IRC08_2021_1,IRC08_2021,IRC08,2021,04/02,1,30,9530,EUCCHR,7.515,31.252
IRC08_2021_1,IRC08_2021,IRC08,2021,04/02,1,30,9531,EUCCHR,6.741,29.085
IRC08_2021_1,IRC08_2021,IRC08,2021,04/02,1,30,9536,MEDPOL,5.343,11.768
IRC08_2021_1,IRC08_2021,IRC08,2021,04/02,1,30,9537,MEDPOL,5.180,11.268
IRC08_2021_1,IRC08_2021,IRC08,2021,04/02,1,25,9545,EUCCHR,6.115,22.208
IRC08_2021_1,IRC08_2021,IRC08,2021,04/02,1,25,9546,EUCCHR,5.392,19.942
IRC08_2021_1,IRC08_2021,IRC08,2021,04/02,1,25,9547,EUCCHR,6.254,27.424
IRC08_2021_1,IRC08_2021,IRC08,2021,04/02,1,25,9548,EUCCHR,7.024,30.681
IRC08_2021_1,IRC08_2021,IRC08,2021,04/02,1,25,9549,EUCCHR,7.170,31.241
IRC08_2021_1,IRC08_2021,IRC08,2021,04/02,1,25,9550,EUCCHR,7.546,34.185
IRC08_2021_1,IRC08_2021,IRC08,2021,04/02,1,25,9551,EUCCHR,7.244,30.328
IRC08_2021_1,IRC08_2021,IRC08,2021,04/02,1,25,9552,EUCCHR,6.773,29.376
IRC08_2021_1,IRC08_2021,IRC08,2021,04/02,1,25,9553,EUCCHR,5.854,22.753
IRC08_2021_1,IRC08_2021,IRC08,2021,04/02,1,25,9554,EUCCHR,7.001,31.704
IRC08_2021_1,IRC08_2021,IRC08,2021,04/02,1,25,9556,EUCCHR,5.858,22.919
IRC08_2021_1,IRC08_2021,IRC08,2021,04/02,1,15,9566,EUCCHR,6.862,28.554
IRC08_2021_1,IRC08_2021,IRC08,2021,04/02,1,15,9567,EUCCHR,6.445,27.185
IRC08_2021_1,IRC08_2021,IRC08,2021,04/02,1,15,9568,EUCCHR,6.561,25.967
IRC08_2021_1,IRC08_2021,IRC08,2021,04/02,1,15,9569,EUCCHR,6.550,23.799
IRC08_2021_1,IRC08_2021,IRC08,2021,04/02,1,15,9570,EUCCHR,6.876,30.140
IRC08_2021_1,IRC08_2021,IRC08,2021,04/02,1,15,9573,EUCCHR,6.694,31.557
IRC08_2021_1,IRC08_2021,IRC08,2021,04/02,1,15,9576,EUCCHR,6.500,25.150
IRC08_2021_1,IRC08_2021,IRC08,2021,04/02,1,15,9578,EUCCHR,5.651,22.954
IRC08_2021_1,IRC08_2021,IRC08,2021,04/02,1,15,9579,EUCCHR,6.744,27.840
IRC08_2021_1,IRC08_2021,IRC08,2021,04/02,1,15,9580,MEDPOL,4.781,11.734
IRC08_2021_1,IRC08_2021,IRC08,2021,04/02,1,15,9581,MEDPOL,5.474,12.687
IRC08_2021_1,IRC08_2021,IRC08,2021,04/02,1,15,9582,MEDPOL,4.314,11.118
IRC08_2021_1,IRC08_2021,IRC08,2021,04/02,1,15,9583,MEDPOL,4.335,8.543
IRC08_2021_1,IRC08_2021,IRC08,2021,04/02,1,5,9585,EUCCHR,5.939,21.744
IRC08_2021_1,IRC08_2021,IRC08,2021,04/02,1,5,9586,EUCCHR,7.119,30.688
IRC08_2021_1,IRC08_2021,IRC08,2021,04/02,1,5,9587,EUCCHR,6.835,30.269
IRC08_2021_1,IRC08_2021,IRC08,2021,04/02,1,5,9588,EUCCHR,7.035,29.570
IRC08_2021_1,IRC08_2021,IRC08,2021,04/02,1,5,9589,EUCCHR,6.507,24.542
IRC08_2021_1,IRC08_2021,IRC08,2021,04/02,1,0,9591,EUCCHR,7.119,32.195
IRC08_2021_1,IRC08_2021,IRC08,2021,04/02,1,0,9592,EUCCHR,6.865,30.561
IRC08_2021_1,IRC08_2021,IRC08,2021,04/02,1,0,9593,EUCCHR,6.640,26.069
IRC08_2021_1,IRC08_2021,IRC08,2021,04/02,1,0,9596,EUCCHR,7.131,30.587
IRC08_2021_1,IRC08_2021,IRC08,2021,04/02,1,0,9597,EUCCHR,6.695,29.822
IRC08_2021_1,IRC08_2021,IRC08,2021,04/02,1,0,9598,EUCCHR,6.138,22.921
IRC08_2021_1,IRC08_2021,IRC08,2021,04/02,1,0,9599,EUCCHR,7.170,29.721
IRC08_2021_1,IRC08_2021,IRC08,2021,04/02,1,0,9600,EUCCHR,6.720,28.215
IRC08_2021_1,IRC08_2021,IRC08,2021,04/02,1,0,9601,EUCCHR,5.249,19.019
IRC08_2021_1,IRC08_2021,IRC08,2021,04/02,1,0,9602,EUCCHR,6.365,27.158
IRC08_2021_1,IRC08_2021,IRC08,2021,04/02,1,0,9603,EUCCHR,6.681,26.053
IRC08_2021_1,IRC08_2021,IRC08,2021,04/02,1,0,9604,MEDPOL,5.287,8.201
IRC23_2021_2,IRC23_2021,IRC23,2021,04/05,2,5,9667,PHAPAR,14.625,127.898
IRC23_2021_2,IRC23_2021,IRC23,2021,04/05,2,5,9668,EROCIC,12.079,67.487
IRC23_2021_2,IRC23_2021,IRC23,2021,04/05,2,5,9669,EROCIC,10.957,64.466
IRC23_2021_2,IRC23_2021,IRC23,2021,04/05,2,5,9670,EROCIC,9.966,51.317
IRC23_2021_2,IRC23_2021,IRC23,2021,04/05,2,5,9671,EROCIC,9.309,43.584
IRC23_2021_2,IRC23_2021,IRC23,2021,04/05,2,5,9672,EROCIC,10.484,58.699
IRC23_2021_2,IRC23_2021,IRC23,2021,04/05,2,5,9673,EROCIC,12.098,78.412
IRC23_2021_2,IRC23_2021,IRC23,2021,04/05,2,5,9674,PHAPAR,26.299,392.352
IRC23_2021_2,IRC23_2021,IRC23,2021,04/05,2,5,9675,EROCIC,13.105,71.585
IRC23_2021_2,IRC23_2021,IRC23,2021,04/05,2,5,9676,EROCIC,12.261,67.958
IRC23_2021_2,IRC23_2021,IRC23,2021,04/05,2,5,9677,EROCIC,13.091,77.050
IRC23_2021_2,IRC23_2021,IRC23,2021,04/05,2,5,9678,EROCIC,12.467,72.918
IRC23_2021_2,IRC23_2021,IRC23,2021,04/05,2,5,9679,PHAPAR,20.850,304.055
IRC23_2021_2,IRC23_2021,IRC23,2021,04/05,2,5,9680,PHAPAR,22.168,315.252
IRC23_2021_2,IRC23_2021,IRC23,2021,04/05,2,5,9681,PHAPAR,22.724,326.357
IRC23_2021_2,IRC23_2021,IRC23,2021,04/05,2,5,9682,PHAPAR,21.364,321.384
IRC23_2021_2,IRC23_2021,IRC23,2021,04/05,2,5,9683,PHAPAR,23.100,372.976
IRC23_2021_2,IRC23_2021,IRC23,2021,04/05,2,5,9684,PHAPAR,20.979,295.832
IRC23_2021_2,IRC23_2021,IRC23,2021,04/05,2,5,9685,PHAPAR,24.819,406.038
IRC23_2021_2,IRC23_2021,IRC23,2021,04/05,2,5,9689,EROCIC,11.043,54.261
IRC23_2021_2,IRC23_2021,IRC23,2021,04/05,2,5,9693,PHAPAR,23.417,380.020
IRC23_2021_2,IRC23_2021,IRC23,2021,04/05,2,5,9694,MIRLAE,18.844,251.444
IRC23_2021_2,IRC23_2021,IRC23,2021,04/05,2,5,9695,MIRLAE,20.176,291.556
IRC23_2021_2,IRC23_2021,IRC23,2021,04/05,2,10,9705,PHAPAR,22.004,340.382
IRC23_2021_2,IRC23_2021,IRC23,2021,04/05,2,10,9706,PHAPAR,23.143,332.818
IRC23_2021_2,IRC23_2021,IRC23,2021,04/05,2,10,9707,PHAPAR,23.350,335.571
IRC23_2021_2,IRC23_2021,IRC23,2021,04/05,2,10,9708,PHAPAR,23.220,335.977
IRC23_2021_2,IRC23_2021,IRC23,2021,04/05,2,10,9709,PHAPAR,20.553,308.128
IRC23_2021_2,IRC23_2021,IRC23,2021,04/05,2,10,9710,PHAPAR,22.845,350.173
IRC23_2021_2,IRC23_2021,IRC23,2021,04/05,2,10,9711,PHAPAR,19.124,228.715
IRC23_2021_2,IRC23_2021,IRC23,2021,04/05,2,10,9712,PHAPAR,16.095,185.362
IRC23_2021_2,IRC23_2021,IRC23,2021,04/05,2,10,9713,PHAPAR,15.891,216.126
IRC23_2021_2,IRC23_2021,IRC23,2021,04/05,2,10,9714,EROCIC,9.829,46.832
IRC23_2021_2,IRC23_2021,IRC23,2021,04/05,2,10,9715,EROCIC,8.724,35.670
IRC23_2021_2,IRC23_2021,IRC23,2021,04/05,2,10,9716,EROCIC,10.171,44.884
IRC23_2021_2,IRC23_2021,IRC23,2021,04/05,2,10,9718,MEDPOL,8.459,33.374
IRC23_2021_2,IRC23_2021,IRC23,2021,04/05,2,10,9719,EROCIC,11.099,51.326
IRC23_2021_2,IRC23_2021,IRC23,2021,04/05,2,10,9720,EROCIC,11.139,53.031
IRC23_2021_2,IRC23_2021,IRC23,2021,04/05,2,10,9721,EROCIC,9.286,37.608
IRC23_2021_2,IRC23_2021,IRC23,2021,04/05,2,15,9725,CRY,8.069,40.674
IRC23_2021_2,IRC23_2021,IRC23,2021,04/05,2,15,9726,CRY,8.552,46.850
IRC23_2021_2,IRC23_2021,IRC23,2021,04/05,2,15,9727,CRY,8.453,42.738
IRC23_2021_2,IRC23_2021,IRC23,2021,04/05,2,15,9728,CRY,8.215,38.878
IRC23_2021_2,IRC23_2021,IRC23,2021,04/05,2,15,9729,CRY,7.872,41.123
IRC23_2021_2,IRC23_2021,IRC23,2021,04/05,2,15,9730,CRY,8.559,46.976
IRC23_2021_2,IRC23_2021,IRC23,2021,04/05,2,15,9732,CRY,9.501,56.785
IRC23_2021_2,IRC23_2021,IRC23,2021,04/05,2,15,9733,CRY,9.212,56.967
IRC23_2021_2,IRC23_2021,IRC23,2021,04/05,2,15,9735,CRY,6.690,35.654
IRC23_2021_2,IRC23_2021,IRC23,2021,04/05,2,15,9738,CRY,7.072,34.664
IRC23_2021_2,IRC23_2021,IRC23,2021,04/05,2,15,9740,CRY,8.170,43.939
IRC23_2021_2,IRC23_2021,IRC23,2021,04/05,2,15,9741,CRY,8.737,45.609
IRC23_2021_2,IRC23_2021,IRC23,2021,04/05,2,15,9745,PHAPAR,26.995,469.987
IRC23_2021_2,IRC23_2021,IRC23,2021,04/05,2,15,9746,PHAPAR,27.828,282.455
IRC23_2021_2,IRC23_2021,IRC23,2021,04/05,2,15,9748,PHAPAR,28.028,284.801
IRC23_2021_2,IRC23_2021,IRC23,2021,04/05,2,15,9749,PHAPAR,24.097,393.305
IRC23_2021_2,IRC23_2021,IRC23,2021,04/05,2,15,9752,PHAPAR,18.454,231.775
IRC23_2021_2,IRC23_2021,IRC23,2021,04/05,2,15,9758,PHAPAR,22.148,354.578
IRC23_2021_2,IRC23_2021,IRC23,2021,04/05,2,15,9759,PHAPAR,25.720,425.177
IRC23_2021_2,IRC23_2021,IRC23,2021,04/05,2,15,9763,EROCIC,11.856,51.278
IRC23_2021_2,IRC23_2021,IRC23,2021,04/05,2,15,9764,EROCIC,9.854,45.855
IRC23_2021_2,IRC23_2021,IRC23,2021,04/05,2,15,9765,EROCIC,11.911,61.734
IRC23_2021_2,IRC23_2021,IRC23,2021,04/05,2,15,9766,PHAPAR,11.355,94.091
IRC23_2021_2,IRC23_2021,IRC23,2021,04/05,2,15,9768,EROCIC,8.751,30.407
IRC23_2021_2,IRC23_2021,IRC23,2021,04/05,2,15,9770,EROCIC,9.548,50.732
IRC23_2021_2,IRC23_2021,IRC23,2021,04/05,2,15,9771,EROCIC,10.297,49.061
IRC23_2021_2,IRC23_2021,IRC23,2021,04/05,2,15,9772,BRATOU,7.867,19.392
IRC23_2021_2,IRC23_2021,IRC23,2021,04/05,2,15,9773,BRATOU,8.874,22.414
IRC23_2021_2,IRC23_2021,IRC23,2021,04/05,2,15,9774,BRATOU,7.834,16.648
IRC23_2021_2,IRC23_2021,IRC23,2021,04/05,2,20,9777,MIRLAE,16.870,223.400
IRC23_2021_2,IRC23_2021,IRC23,2021,04/05,2,20,9778,MIRLAE,12.158,116.030
IRC23_2021_2,IRC23_2021,IRC23,2021,04/05,2,20,9779,MIRLAE,17.887,257.045
IRC23_2021_2,IRC23_2021,IRC23,2021,04/05,2,20,9781,MIRLAE,15.901,217.596
IRC23_2021_2,IRC23_2021,IRC23,2021,04/05,2,20,9783,MIRLAE,13.288,138.610
IRC23_2021_2,IRC23_2021,IRC23,2021,04/05,2,20,9787,DICCAP,12.688,55.977
IRC23_2021_2,IRC23_2021,IRC23,2021,04/05,2,20,9789,DICCAP,13.026,78.527
IRC23_2021_2,IRC23_2021,IRC23,2021,04/05,2,20,9790,EROCIC,10.442,44.619
IRC23_2021_2,IRC23_2021,IRC23,2021,04/05,2,20,9791,EROCIC,12.364,72.430
IRC23_2021_2,IRC23_2021,IRC23,2021,04/05,2,20,9792,EROCIC,13.041,87.561
IRC23_2021_2,IRC23_2021,IRC23,2021,04/05,2,20,9794,EROCIC,10.855,61.433
IRC23_2021_2,IRC23_2021,IRC23,2021,04/05,2,20,9796,DICCAP,14.802,88.864
IRC23_2021_2,IRC23_2021,IRC23,2021,04/05,2,20,9797,EROCIC,11.961,74.073
IRC23_2021_2,IRC23_2021,IRC23,2021,04/05,2,20,9798,EROCIC,12.157,76.775
IRC23_2021_2,IRC23_2021,IRC23,2021,04/05,2,20,9799,MIRLAE,16.542,214.081
IRC23_2021_2,IRC23_2021,IRC23,2021,04/05,2,20,9802,PHAPAR,27.212,477.188
IRC23_2021_2,IRC23_2021,IRC23,2021,04/05,2,20,9803,PHAPAR,26.024,455.269
IRC23_2021_2,IRC23_2021,IRC23,2021,04/05,2,20,9804,PHAPAR,22.455,180.065
IRC23_2021_2,IRC23_2021,IRC23,2021,04/05,2,20,9805,PHAPAR,30.555,606.861
IRC23_2021_2,IRC23_2021,IRC23,2021,04/05,2,20,9806,PHAPAR,29.010,557.877
IRC23_2021_2,IRC23_2021,IRC23,2021,04/05,2,20,9807,PHAPAR,25.641,423.067
IRC23_2021_2,IRC23_2021,IRC23,2021,04/05,2,20,9808,PHAPAR,25.665,457.500
IRC23_2021_2,IRC23_2021,IRC23,2021,04/05,2,20,9809,PHAPAR,22.940,450.235
IRC23_2021_2,IRC23_2021,IRC23,2021,04/05,2,20,9810,PHAPAR,23.282,355.713
IRC23_2021_2,IRC23_2021,IRC23,2021,04/05,2,30,9814,CALMAC,42.934,1510.326
IRC23_2021_2,IRC23_2021,IRC23,2021,04/05,2,30,9815,EROCIC,12.794,53.695
IRC23_2021_2,IRC23_2021,IRC23,2021,04/05,2,30,9816,EROCIC,9.701,37.898
IRC23_2021_2,IRC23_2021,IRC23,2021,04/05,2,30,9817,EROCIC,9.704,40.143
IRC23_2021_2,IRC23_2021,IRC23,2021,04/05,2,30,9818,CRY,7.809,42.805
IRC23_2021_2,IRC23_2021,IRC23,2021,04/05,2,30,9819,CRY,8.889,52.946
IRC23_2021_2,IRC23_2021,IRC23,2021,04/05,2,30,9825,DICCAP,18.815,143.891
IRC23_2021_2,IRC23_2021,IRC23,2021,04/05,2,30,9830,SONOLE,14.687,139.818
IRC23_2021_2,IRC23_2021,IRC23,2021,04/05,2,30,9833,CRY,6.887,33.912
IRC23_2021_2,IRC23_2021,IRC23,2021,04/05,2,30,9834,CRY,6.839,34.540
IRC23_2021_2,IRC23_2021,IRC23,2021,04/05,2,30,9835,CRY,7.205,39.183
IRC23_2021_2,IRC23_2021,IRC23,2021,04/05,2,30,9836,CRY,7.315,40.519
IRC23_2021_2,IRC23_2021,IRC23,2021,04/05,2,30,9837,CRY,8.057,46.482
IRC23_2021_2,IRC23_2021,IRC23,2021,04/05,2,30,9838,CRY,10.094,56.574
IRC23_2021_2,IRC23_2021,IRC23,2021,04/05,2,30,9838,CRY,7.747,44.212
IRC23_2021_2,IRC23_2021,IRC23,2021,04/05,2,30,9840,CRY,7.482,35.487
IRC23_2021_2,IRC23_2021,IRC23,2021,04/05,2,30,9841,CRY,6.357,28.062
IRC23_2021_2,IRC23_2021,IRC23,2021,04/05,2,30,9842,CRY,7.562,36.753
IRC23_2021_2,IRC23_2021,IRC23,2021,04/05,2,30,9843,EROCIC,9.235,43.633
IRC23_2021_2,IRC23_2021,IRC23,2021,04/05,2,30,9845,EROCIC,11.126,38.845
IRC23_2021_2,IRC23_2021,IRC23,2021,04/05,2,35,9849,DICCAP,13.891,81.371
IRC23_2021_2,IRC23_2021,IRC23,2021,04/05,2,35,9851,DICCAP,15.204,83.312
IRC23_2021_2,IRC23_2021,IRC23,2021,04/05,2,35,9855,CAMMIC,6.921,32.568
IRC23_2021_2,IRC23_2021,IRC23,2021,04/05,2,35,9856,CAMMIC,7.706,33.471
IRC23_2021_2,IRC23_2021,IRC23,2021,04/05,2,40,9862,DICCAP,17.032,84.846
IRC23_2021_2,IRC23_2021,IRC23,2021,04/05,2,40,9863,EROCIC,10.088,36.135
IRC23_2021_2,IRC23_2021,IRC23,2021,04/05,2,40,9864,EROCIC,9.897,46.400
BD21_2021_2,BD21_2021,BD21,2021,4/5,2,5,9868,SALMEL,9.054,29.735
BD21_2021_2,BD21_2021,BD21,2021,4/5,2,5,9871,SALMEL,9.858,28.992
BD21_2021_2,BD21_2021,BD21,2021,4/5,2,5,9874,SALMEL,8.906,28.114
BD21_2021_2,BD21_2021,BD21,2021,4/5,2,5,9875,SALMEL,9.867,28.586
BD21_2021_2,BD21_2021,BD21,2021,4/5,2,5,9869,SALMEL,9.964,27.810
BD21_2021_2,BD21_2021,BD21,2021,4/5,2,10,9883,SALMEL,7.564,21.437
BD21_2021_2,BD21_2021,BD21,2021,4/5,2,10,9887,SALMEL,9.359,33.273
BD21_2021_2,BD21_2021,BD21,2021,4/5,2,10,9889,SALMEL,9.549,27.634
BD21_2021_2,BD21_2021,BD21,2021,4/5,2,10,9891,SALMEL,8.266,27.450
BD21_2021_2,BD21_2021,BD21,2021,4/5,2,10,9899,SALMEL,8.220,24.776
BD21_2021_2,BD21_2021,BD21,2021,4/5,2,15,9903,SALMEL,7.542,21.512
GYP01_2021_2,GYP01_2021,GYP01,2021,4/7,2,5,133,CALCIL,8.383,46.655
GYP01_2021_2,GYP01_2021,GYP01,2021,4/7,2,5,134,CALCIL,6.094,28.568
GYP01_2021_2,GYP01_2021,GYP01,2021,4/7,2,5,135,CALCIL,6.903,35.476
GYP01_2021_2,GYP01_2021,GYP01,2021,4/7,2,5,136,CALCIL,8.716,44.312
GYP01_2021_2,GYP01_2021,GYP01,2021,4/7,2,5,137,CALCIL,8.603,44.384
GYP01_2021_2,GYP01_2021,GYP01,2021,4/7,2,5,138,CALCIL,8.325,31.057
GYP01_2021_2,GYP01_2021,GYP01,2021,4/7,2,5,139,CALCIL,9.659,51.712
GYP01_2021_2,GYP01_2021,GYP01,2021,4/7,2,5,141,EUCCHR,5.669,18.682
GYP01_2021_2,GYP01_2021,GYP01,2021,4/7,2,5,142,EUCCHR,5.852,19.193
GYP01_2021_2,GYP01_2021,GYP01,2021,4/7,2,5,143,EUCCHR,5.193,15.804
GYP01_2021_2,GYP01_2021,GYP01,2021,4/7,2,5,144,EROCIC,7.476,28.820
GYP01_2021_2,GYP01_2021,GYP01,2021,4/7,2,5,145,EROCIC,8.160,45.728
GYP01_2021_2,GYP01_2021,GYP01,2021,4/7,2,5,146,SONOLE,8.019,47.176
GYP01_2021_2,GYP01_2021,GYP01,2021,4/7,2,5,148,BRANIG,10.913,57.554
GYP01_2021_2,GYP01_2021,GYP01,2021,4/7,2,5,149,BRANIG,9.942,49.407
GYP01_2021_2,GYP01_2021,GYP01,2021,4/7,2,5,150,BRANIG,8.684,45.078
GPY01_2021_2,GPY01_2021,GPY01,2021,4/7,2,10,155,CALCIL,8.771,47.044
GYP01_2021_2,GYP01_2021,GYP01,2021,4/7,2,10,157,CALCIL,9.212,68.952
GYP01_2021_2,GYP01_2021,GYP01,2021,4/7,2,10,160,GILANG,9.226,46.350
GYP01_2021_2,GYP01_2021,GYP01,2021,4/7,2,10,161,GILANG,8.036,34.165
GYP01_2021_2,GYP01_2021,GYP01,2021,4/7,2,10,163,CALCIL,8.486,52.693
GYP01_2021_2,GYP01_2021,GYP01,2021,4/7,2,10,164,CALCIL,9.755,53.816
GYP01_2021_2,GYP01_2021,GYP01,2021,4/7,2,10,165,CALCIL,9.282,51.615
GYP01_2021_2,GYP01_2021,GYP01,2021,4/7,2,15,170,DICCAP,13.376,80.676
GYP01_2021_2,GYP01_2021,GYP01,2021,4/7,2,15,171,DICCAP,13.448,82.783
GYP01_2021_2,GYP01_2021,GYP01,2021,4/7,2,15,172,EUCCHR,6.646,27.925
GYP01_2021_2,GYP01_2021,GYP01,2021,4/7,2,20,174,ESCCAL,15.574,223.761
GYP01_2021_2,GYP01_2021,GYP01,2021,4/7,2,20,175,ESCCAL,15.905,253.858
GPY01_2021_2,GPY01_2021,GPY01,2021,4/7,2,20,176,ESCCAL,14.002,177.569
GYP01_2021_2,GYP01_2021,GYP01,2021,4/7,2,20,177,ESCCAL,23.426,485.683
GYP01_2021_2,GYP01_2021,GYP01,2021,4/7,2,20,178,ESCCAL,20.4,287.361
GYP01_2021_2,GYP01_2021,GYP01,2021,4/7,2,20,179,ESCCAL,15.487,238.497
GYP01_2021_2,GYP01_2021,GYP01,2021,4/7,2,20,180,ESCCAL,16.802,351.475
GYP01_2021_2,GYP01_2021,GYP01,2021,4/7,2,20,183,ESCCAL,13.668,230.836
GYP01_2021_2,GYP01_2021,GYP01,2021,4/7,2,20,184,CALCIL,11.620,84.012
GYP01_2021_2,GYP01_2021,GYP01,2021,4/7,2,20,186,CALCIL,13.190,124.586
GYP01_2021_2,GYP01_2021,GYP01,2021,4/7,2,20,188,EUCCHR,5.504,22.852
GYP01_2021_2,GYP01_2021,GYP01,2021,4/7,2,20,189,EUCCHR,6.104,26.138
GYP01_2021_2,GYP01_2021,GYP01,2021,4/7,2,20,190,EUCCHR,6.579,32.486
GYP01_2021_2,GYP01_2021,GYP01,2021,4/7,2,20,191,EUCCHR,6.159,30.447
GPY01_2021_2,GPY01_2021,GPY01,2021,4/7,2,20,192,CALCIL,10.731,75.864
GYP01_2021_2,GYP01_2021,GYP01,2021,4/7,2,20,194,BRANIG,10.196,48.803
GYP01_2021_2,GYP01_2021,GYP01,2021,4/7,2,20,195,BRANIG,9.572,44.764
GYP01_2021_2,GYP01_2021,GYP01,2021,4/7,2,20,196,BRANIG,11.143,55.184
GYP01_2021_2,GYP01_2021,GYP01,2021,4/7,2,20,197,BRANIG,10.117,50.218
GYP01_2021_2,GYP01_2021,GYP01,2021,4/7,2,20,198,BRANIG,9.007,40.589
GYP01_2021_2,GYP01_2021,GYP01,2021,4/7,2,20,199,CALCIL,8.696,34.354
GYP01_2021_2,GYP01_2021,GYP01,2021,4/7,2,25,204,ESCCAL,18.856,291.472
GYP01_2021_2,GYP01_2021,GYP01,2021,4/7,2,25,205,ESCCAL,19.603,369.251
GYP01_2021_2,GYP01_2021,GYP01,2021,4/7,2,25,206,ESCCAL,19.056,281.801
GYP01_2021_2,GYP01_2021,GYP01,2021,4/7,2,25,207,ESCCAL,17.401,246.488
GYP01_2021_2,GYP01_2021,GYP01,2021,4/7,2,25,208,ESCCAL,20.974,374.677
GPY01_2021_2,GPY01_2021,GPY01,2021,4/7,2,25,209,ESCCAL,21.831,319.689
GYP01_2021_2,GYP01_2021,GYP01,2021,4/7,2,25,210,CALCIL,12.578,83.711
GYP01_2021_2,GYP01_2021,GYP01,2021,4/7,2,25,211,CALCIL,8.995,43.192
GYP01_2021_2,GYP01_2021,GYP01,2021,4/7,2,25,212,CALCIL,8.777,43.002
GYP01_2021_2,GYP01_2021,GYP01,2021,4/7,2,25,214,CALCIL,9.616,57.356
GYP01_2021_2,GYP01_2021,GYP01,2021,4/7,2,25,215,CALCIL,12.977,98.292
GYP01_2021_2,GYP01_2021,GYP01,2021,4/7,2,25,216,CALCIL,12.854,105.631
GYP01_2021_2,GYP01_2021,GYP01,2021,4/7,2,25,217,CALCIL,13.771,105.736
GYP01_2021_2,GYP01_2021,GYP01,2021,4/7,2,25,218,CALCIL,10.292,94.009
GYP01_2021_2,GYP01_2021,GYP01,2021,4/7,2,25,220,LUPBIC,6.315,14.454
GYP01_2021_2,GYP01_2021,GYP01,2021,4/7,2,25,221,LUPBIC,6.415,16.097
GYP01_2021_2,GYP01_2021,GYP01,2021,4/7,2,25,222,CALCIL,9.376,50.409
GPY01_2021_2,GPY01_2021,GPY01,2021,4/7,2,25,223,CALCIL,10.243,54.813
GYP01_2021_2,GYP01_2021,GYP01,2021,4/7,2,25,224,CALCIL,11.775,88.315
GYP01_2021_2,GYP01_2021,GYP01,2021,4/7,2,25,225,EUCCHR,4.495,14.455
GYP01_2021_2,GYP01_2021,GYP01,2021,4/7,2,25,226,EUCCHR,4.711,14.904
GYP01_2021_2,GYP01_2021,GYP01,2021,4/7,2,25,227,EUCCHR,4.749,15.100
GYP01_2021_2,GYP01_2021,GYP01,2021,4/7,2,30,231,EUCCHR,5.320,18.951
GYP01_2021_2,GYP01_2021,GYP01,2021,4/7,2,30,232,EUCCHR,6.258,24.181
GYP01_2021_2,GYP01_2021,GYP01,2021,4/7,2,30,235,EUCCHR,6.090,23.172
GYP01_2021_2,GYP01_2021,GYP01,2021,4/7,2,30,236,EUCCHR,5.679,20.913
GYP01_2021_2,GYP01_2021,GYP01,2021,4/7,2,30,237,EUCCHR,6.314,25.866
GYP01_2021_2,GYP01_2021,GYP01,2021,4/7,2,30,238,EUCCHR,5.524,21.244
GYP01_2021_2,GYP01_2021,GYP01,2021,4/7,2,30,239,EUCCHR,5.771,21.511
GPY01_2021_2,GPY01_2021,GPY01,2021,4/7,2,30,240,EUCCHR,5.685,21.124
GYP01_2021_2,GYP01_2021,GYP01,2021,4/7,2,30,241,CALCIL,11.099,70.712
GYP01_2021_2,GYP01_2021,GYP01,2021,4/7,2,30,242,CALCIL,10.561,67.124
GYP01_2021_2,GYP01_2021,GYP01,2021,4/7,2,30,243,CALCIL,11.517,82.646
GYP01_2021_2,GYP01_2021,GYP01,2021,4/7,2,30,244,CALCIL,11.857,82.517
GYP01_2021_2,GYP01_2021,GYP01,2021,4/7,2,30,245,CALCIL,9.683,63.913
GYP01_2021_2,GYP01_2021,GYP01,2021,4/7,2,30,246,CALCIL,11.753,79.698
GYP01_2021_2,GYP01_2021,GYP01,2021,4/7,2,30,247,CALCIL,8.142,42.121
GYP01_2021_2,GYP01_2021,GYP01,2021,4/7,2,30,248,CALCIL,11.104,79.404
GYP01_2021_2,GYP01_2021,GYP01,2021,4/7,2,30,249,CALCIL,8.239,32.223
GYP01_2021_2,GYP01_2021,GYP01,2021,4/7,2,35,254,DICCAP,12.182,64.255
GYP01_2021_2,GYP01_2021,GYP01,2021,4/7,2,35,256,DICCAP,12.329,70.537
GPY01_2021_2,GPY01_2021,GPY01,2021,4/7,2,35,259,EUCCHR,5.510,21.425
GYP01_2021_2,GYP01_2021,GYP01,2021,4/7,2,35,260,EUCCHR,5.978,24.825
GYP01_2021_2,GYP01_2021,GYP01,2021,4/7,2,35,261,EUCCHR,5.819,22.021
GYP01_2021_2,GYP01_2021,GYP01,2021,4/7,2,35,262,EUCCHR,6.095,22.725
GYP01_2021_2,GYP01_2021,GYP01,2021,4/7,2,35,263,GILANG,8.342,38.258
GYP01_2021_2,GYP01_2021,GYP01,2021,4/7,2,35,264,GILANG,9.354,45.224
GYP01_2021_2,GYP01_2021,GYP01,2021,4/7,2,35,265,GILANG,7.554,33.144
GYP01_2021_2,GYP01_2021,GYP01,2021,4/7,2,35,266,GILANG,8.084,34.810
GYP01_2021_2,GYP01_2021,GYP01,2021,4/7,2,35,267,GILANG,8.278,35.828
GYP01_2021_2,GYP01_2021,GYP01,2021,4/7,2,35,268,GILANG,8.555,32.898
GYP01_2021_2,GYP01_2021,GYP01,2021,4/7,2,40,273,GILANG,11.794,68.568
GYP01_2021_2,GYP01_2021,GYP01,2021,4/7,2,40,274,CALCIL,10.103,57.029
GYP01_2021_2,GYP01_2021,GYP01,2021,4/7,2,40,275,CALCIL,10.048,52.648
GYP01_2021_2,GYP01_2021,GYP01,2021,4/7,2,40,277,GILANG,9.799,50.640
GYP01_2021_2,GYP01_2021,GYP01,2021,4/7,2,40,278,GILANG,9.615,46.180
GYP01_2021_2,GYP01_2021,GYP01,2021,4/7,2,40,280,GILANG,10.179,53.022
GYP01_2021_2,GYP01_2021,GYP01,2021,4/7,2,40,281,GILANG,7.149,27.638
GYP01_2021_2,GYP01_2021,GYP01,2021,4/7,2,40,282,GILANG,8.683,43.120
GPY01_2021_2,GPY01_2021,GPY01,2021,4/7,2,40,286,CALCIL,13.180,101.198
GYP01_2021_2,GYP01_2021,GYP01,2021,4/7,2,40,287,CALCIL,10.281,57.850
GYP01_2021_2,GYP01_2021,GYP01,2021,4/7,2,40,288,CALCIL,8.025,33.816
GYP01_2021_2,GYP01_2021,GYP01,2021,4/7,2,40,289,CALCIL,10.892,78.720
GYP01_2021_2,GYP01_2021,GYP01,2021,4/7,2,40,290,EUCCHR,5.547,20.687
GYP01_2021_2,GYP01_2021,GYP01,2021,4/7,2,40,293,EUCCHR,4.636,12.742
GYP08_2021_2,GYP08_2021,GYP08,2021,4/7,2,40,63,SOLXAN,22.399,270.246
GYP08_2021_2,GYP08_2021,GYP08,2021,4/7,2,40,64,SOLXAN,23.019,291.331
GYP08_2021_2,GYP08_2021,GYP08,2021,4/7,2,40,65,SOLXAN,25.755,368.082
GYP08_2021_2,GYP08_2021,GYP08,2021,4/7,2,40,67,SOLXAN,18.803,183.188
GYP08_2021_2,GYP08_2021,GYP08,2021,4/7,2,40,68,SOLXAN,20.359,313.664
GYP08_2021_2,GYP08_2021,GYP08,2021,4/7,2,40,70,SOLXAN,20.454,224.572
GYP08_2021_2,GYP08_2021,GYP08,2021,4/7,2,30,72,LASCAL,10.976,57.436
GYP08_2021_2,GYP08_2021,GYP08,2021,4/7,2,30,73,LASCAL,13.052,110.135
GYP08_2021_2,GYP08_2021,GYP08,2021,4/7,2,30,74,LASCAL,12.661,85.580
GYP08_2021_2,GYP08_2021,GYP08,2021,4/7,2,30,75,EROCIC,11.093,39.545
GYP08_2021_2,GYP08_2021,GYP08,2021,4/7,2,30,76,LASCAL,4.556,10.268
GYP08_2021_2,GYP08_2021,GYP08,2021,4/7,2,30,77,LASCAL,10.807,56.214
GYP08_2021_2,GYP08_2021,GYP08,2021,4/7,2,30,79,DICCAP,11.650,52.524
GYP08_2021_2,GYP08_2021,GYP08,2021,4/7,2,30,81,unkwhiteaster,9.544,66.996
GYP08_2021_2,GYP08_2021,GYP08,2021,4/7,2,30,82,MICLIN,8.374,39.933
GYP08_2021_2,GYP08_2021,GYP08,2021,4/7,2,30,83,Goldfield,9.107,53.166
GYP08_2021_2,GYP08_2021,GYP08,2021,4/7,2,30,85,unkaster,7.154,28.154
GYP08_2021_2,GYP08_2021,GYP08,2021,4/7,2,30,91,LASCAL,6.165,19.300
GYP08_2021_2,GYP08_2021,GYP08,2021,4/7,2,30,92,LASCAL,6.555,20.192
GYP08_2021_2,GYP08_2021,GYP08,2021,4/7,2,30,93,MICLIN,7.219,35.265
GYP08_2021_2,GYP08_2021,GYP08,2021,4/7,2,30,94,MICLIN,5.804,22.235
GYP08_2021_2,GYP08_2021,GYP08,2021,4/7,2,30,95,LASCAL,7.435,25.440
GYP08_2021_2,GYP08_2021,GYP08,2021,4/7,2,25,101,GILANG,7.723,32.079
GYP08_2021_2,GYP08_2021,GYP08,2021,4/7,2,20,105,SALMEL,8.820,24.824
GYP08_2021_2,GYP08_2021,GYP08,2021,4/7,2,20,110,SALMEL,6.876,13.387
GYP08_2021_2,GYP08_2021,GYP08,2021,4/7,2,20,115,SALMEL,7.186,17.672
GYP08_2021_2,GYP08_2021,GYP08,2021,4/7,2,15,119,SISBEL,18.776,190.804
GYP08_2021_2,GYP08_2021,GYP08,2021,4/7,2,15,120,SISBEL,20.846,248.578
GYP08_2021_2,GYP08_2021,GYP08,2021,4/7,2,15,121,SISBEL,19.053,215.788
GYP08_2021_2,GYP08_2021,GYP08,2021,4/7,2,15,122,SISBEL,18.926,192.064
GYP08_2021_2,GYP08_2021,GYP08,2021,4/7,2,15,123,SISBEL,18.684,195.454
GYP08_2021_2,GYP08_2021,GYP08,2021,4/7,2,15,124,SISBEL,19.058,194.574
GYP08_2021_2,GYP08_2021,GYP08,2021,4/7,2,15,125,SISBEL,18.162,186.182
GYP08_2021_2,GYP08_2021,GYP08,2021,4/7,2,15,126,SISBEL,16.218,156.464
GYP08_2021_2,GYP08_2021,GYP08,2021,4/7,2,15,128,unkaster,5.937,19.178
BKR10_2021_2,BKR10_2021,BKR10,2021,4/8,2,5,310,EROBOT,10.151,70.562
BKR10_2021_2,BKR10_2021,BKR10,2021,4/8,2,5,311,SONOLE,16.901,130.834
BKR10_2021_2,BKR10_2021,BKR10,2021,4/8,2,5,312,EROBOT,9.226,58.775
BKR10_2021_2,BKR10_2021,BKR10,2021,4/8,2,5,313,EROBOT,9.926,63.047
BKR10_2021_2,BKR10_2021,BKR10,2021,4/8,2,5,314,EROBOT,12.784,94.699
BKR10_2021_2,BKR10_2021,BKR10,2021,4/8,2,5,315,SONOLE,14.861,122.344
BKR10_2021_2,BKR10_2021,BKR10,2021,4/8,2,0,318,EROBOT,8.195,44.310
BKR10_2021_2,BKR10_2021,BKR10,2021,4/8,2,0,320,EROBOT,11.251,89.966
BKR10_2021_2,BKR10_2021,BKR10,2021,4/8,2,0,321,EROBOT,9.143,54.285
BKR10_2021_2,BKR10_2021,BKR10,2021,4/8,2,0,322,EROBOT,7.402,39.052
SS05_2021_2,SS05_2021,SS05,2021,4/8,2,45,339,GILANG,7.210,29.830
SS05_2021_2,SS05_2021,SS05,2021,4/8,2,45,340,GILANG,7.973,35.904
SS05_2021_2,SS05_2021,SS05,2021,4/8,2,45,341,GILANG,7.381,32.634
SS05_2021_2,SS05_2021,SS05,2021,4/8,2,45,342,BRATOU,8.733,24.050
SS05_2021_2,SS05_2021,SS05,2021,4/8,2,45,344,CRY,7.304,37.613
SS05_2021_2,SS05_2021,SS05,2021,4/8,2,45,346,CRY,7.094,33.861
SS05_2021_2,SS05_2021,SS05,2021,4/8,2,45,347,CRY,6.858,32.447
SS05_2021_2,SS05_2021,SS05,2021,4/8,2,45,348,CRY,7.457,34.287
SS05_2021_2,SS05_2021,SS05,2021,4/8,2,45,349,CRY,7.021,32.078
SS05_2021_2,SS05_2021,SS05,2021,4/8,2,35,366,BRATOU,7.628,22.486
SS05_2021_2,SS05_2021,SS05,2021,4/8,2,35,367,BRATOU,9.015,28.674
SS05_2021_2,SS05_2021,SS05,2021,4/8,2,35,370,CRY,5.084,20.564
SS05_2021_2,SS05_2021,SS05,2021,4/8,2,35,371,CRY,6.852,30.791
SS05_2021_2,SS05_2021,SS05,2021,4/8,2,30,374,BRATOU,5.380,9.087
SS05_2021_2,SS05_2021,SS05,2021,4/8,2,30,375,BRATOU,6.630,16.539
SS05_2021_2,SS05_2021,SS05,2021,4/8,2,25,378,CRY,6.745,28.770
SS05_2021_2,SS05_2021,SS05,2021,4/8,2,25,379,CRY,6.845,32.021
SS05_2021_2,SS05_2021,SS05,2021,4/8,2,25,380,CRY,6.363,26.307
SS05_2021_2,SS05_2021,SS05,2021,4/8,2,25,382,CRY,6.517,31.082
SS05_2021_2,SS05_2021,SS05,2021,4/8,2,25,383,CRY,5.162,18.579
SS05_2021_2,SS05_2021,SS05,2021,4/8,2,25,384,CRY,6.347,28.142
SS05_2021_2,SS05_2021,SS05,2021,4/8,2,20,387,CRY,8.615,49.116
SS05_2021_2,SS05_2021,SS05,2021,4/8,2,20,389,CRY,6.424,28.118
SS05_2021_2,SS05_2021,SS05,2021,4/8,2,20,390,CRY,6.035,25.978
SS05_2021_2,SS05_2021,SS05,2021,4/8,2,20,391,CRY,7.798,41.031
SS05_2021_2,SS05_2021,SS05,2021,4/8,2,20,392,CRY,7.788,39.255
SS05_2021_2,SS05_2021,SS05,2021,4/8,2,20,393,CRY,7.252,32.333
SS05_2021_2,SS05_2021,SS05,2021,4/8,2,20,394,CRY,7.897,39.461
SS05_2021_2,SS05_2021,SS05,2021,4/8,2,20,395,CRY,7.454,36.059
SS05_2021_2,SS05_2021,SS05,2021,4/8,2,20,396,CRY,7.966,42.558
SS05_2021_2,SS05_2021,SS05,2021,4/8,2,20,398,CRY,8.744,43.782
SS05_2021_2,SS05_2021,SS05,2021,4/8,2,20,399,CRY,6.140,12.490
SS05_2021_2,SS05_2021,SS05,2021,4/8,2,20,401,CRY,6.388,5.838
SS05_2021_2,SS05_2021,SS05,2021,4/8,2,15,410,BRANIG,10.357,47.344
SS05_2021_2,SS05_2021,SS05,2021,4/8,2,15,411,BRANIG,9.497,42.295
SS05_2021_2,SS05_2021,SS05,2021,4/8,2,15,414,BRANIG,10.300,44.545
SS05_2021_2,SS05_2021,SS05,2021,4/8,2,15,415,BRANIG,10.614,47.138
SS05_2021_2,SS05_2021,SS05,2021,4/8,2,15,416,BRANIG,9.731,46.886
SS05_2021_2,SS05_2021,SS05,2021,4/8,2,15,417,BRANIG,10.062,47.773
SS05_2021_2,SS05_2021,SS05,2021,4/8,2,15,419,BRANIG,9.910,48.418
SS05_2021_2,SS05_2021,SS05,2021,4/8,2,15,423,DICCAP,13.317,46.824
SS05_2021_2,SS05_2021,SS05,2021,4/8,2,15,424,DICCAP,12.074,50.578
SS05_2021_2,SS05_2021,SS05,2021,4/8,2,15,425,GILANG,6.420,21.918
SS05_2021_2,SS05_2021,SS05,2021,4/8,2,10,430,BRANIG,9.655,48.820
SS05_2021_2,SS05_2021,SS05,2021,4/8,2,10,431,BRANIG,10.489,53.467
SS05_2021_2,SS05_2021,SS05,2021,4/8,2,10,432,BRANIG,9.686,46.271
SS05_2021_2,SS05_2021,SS05,2021,4/8,2,10,433,BRANIG,9.644,46.632
SS05_2021_2,SS05_2021,SS05,2021,4/8,2,10,435,BRANIG,9.539,41.492
SS05_2021_2,SS05_2021,SS05,2021,4/8,2,10,436,BRATOU,9.231,22.200
SS05_2021_2,SS05_2021,SS05,2021,4/8,2,10,437,BRATOU,9.492,27.396
SS05_2021_2,SS05_2021,SS05,2021,4/8,2,10,438,BRATOU,6.534,14.348
SS05_2021_2,SS05_2021,SS05,2021,4/8,2,10,440,BRATOU,14.958,17.768
SS05_2021_2,SS05_2021,SS05,2021,4/8,2,10,441,GILANG,7.920,30.491
SS05_2021_2,SS05_2021,SS05,2021,4/8,2,10,442,GILANG,8.191,33.042
SS05_2021_2,SS05_2021,SS05,2021,4/8,2,10,443,CRY,7.003,30.823
SS05_2021_2,SS05_2021,SS05,2021,4/8,2,5,447,BRATOU,6.580,16.528
SS05_2021_2,SS05_2021,SS05,2021,4/8,2,5,448,BRATOU,7.152,21.240
SS05_2021_2,SS05_2021,SS05,2021,4/8,2,0,451,CRY,6.547,28.331
SS05_2021_2,SS05_2021,SS05,2021,4/8,2,0,452,CRY,5.664,20.832
SS05_2021_2,SS05_2021,SS05,2021,4/8,2,0,453,CRY,5.838,23.704
SS05_2021_2,SS05_2021,SS05,2021,4/8,2,0,454,CRY,6.490,30.826
SS05_2021_2,SS05_2021,SS05,2021,4/8,2,0,455,BRATOU,7.795,23.057
I15_2021_2,I15_2021,I15,2021,4/15,2,45,489,MICLIN,15.475,122.394
I15_2021_2,I15_2021,I15,2021,4/15,2,45,490,MICLIN,11.618,69.270
I15_2021_2,I15_2021,I15,2021,4/15,2,45,491,MICLIN,9.775,42.770
I15_2021_2,I15_2021,I15,2021,4/15,2,30,495,EROCIC,5.865,16.470
I15_2021_2,I15_2021,I15,2021,4/15,2,30,496,LUPBIC,3.039,4.276
I15_2021_2,I15_2021,I15,2021,4/15,2,30,497,EROCIC,11.367,50.965
I15_2021_2,I15_2021,I15,2021,4/15,2,30,499,MICLIN,15.742,143.988
I15_2021_2,I15_2021,I15,2021,4/15,2,30,500,LUPBIC,7.021,20.454
I15_2021_2,I15_2021,I15,2021,4/15,2,30,501,EROCIC,11.161,44.955
I15_2021_2,I15_2021,I15,2021,4/15,2,30,502,EROCIC,13.280,54.728
I15_2021_2,I15_2021,I15,2021,4/15,2,30,503,EROCIC,10.615,40.177
I15_2021_2,I15_2021,I15,2021,4/15,2,30,504,GILANG,8.031,29.442
I15_2021_2,I15_2021,I15,2021,4/15,2,30,505,GILANG,7.986,29.525
I15_2021_2,I15_2021,I15,2021,4/15,2,4,508,EROCIC,9.666,37.128
I15_2021_2,I15_2021,I15,2021,4/15,2,4,509,SONOLE,12.356,93.675
I15_2021_2,I15_2021,I15,2021,4/15,2,4,510,MICLIN,11.999,84.987
I15_2021_2,I15_2021,I15,2021,4/15,2,4,511,MICLIN,9.831,59.633
I15_2021_2,I15_2021,I15,2021,4/15,2,4,512,MICLIN,10.002,44.044
I15_2021_2,I15_2021,I15,2021,4/15,2,4,513,EROCIC,11.422,46.705
I15_2021_2,I15_2021,I15,2021,4/15,2,4,514,EROCIC,12.680,66.588
I15_2021_2,I15_2021,I15,2021,4/15,2,4,515,EROCIC,10.541,44.915
I15_2021_2,I15_2021,I15,2021,4/15,2,4,517,EROCIC,12.189,50.854
I15_2021_2,I15_2021,I15,2021,4/15,2,4,518,EROCIC,9.717,33.866
I15_2021_2,I15_2021,I15,2021,4/15,2,4,519,EROCIC,9.217,40.226
I15_2021_2,I15_2021,I15,2021,4/15,2,15,523,EROCIC,12.146,41.240
I15_2021_2,I15_2021,I15,2021,4/15,2,15,524,MICLIN,10.853,66.780
I15_2021_2,I15_2021,I15,2021,4/15,2,15,525,MICLIN,11.149,59.969
I14_2021_2,I14_2021,I14,2021,4/15,2,0,547,BRANIG,7.518,23.394
I14_2021_2,I14_2021,I14,2021,4/15,2,0,548,BRANIG,9.574,42.056
I14_2021_2,I14_2021,I14,2021,4/15,2,0,549,BRANIG,10.592,44.441
I14_2021_2,I14_2021,I14,2021,4/15,2,0,550,BRANIG,10.031,41.494
I14_2021_2,I14_2021,I14,2021,4/15,2,15,557,BRANIG,12.020,59.291
I14_2021_2,I14_2021,I14,2021,4/15,2,15,558,BRANIG,10.335,50.057
I14_2021_2,I14_2021,I14,2021,4/15,2,15,566,LUPTRU,10.404,48.904
I14_2021_2,I14_2021,I14,2021,4/15,2,30,577,BRANIG,7.929,28.136
I14_2021_2,I14_2021,I14,2021,4/15,2,30,578,GILANG,6.292,20.007
I14_2021_2,I14_2021,I14,2021,4/15,2,30,579,GILANG,6.960,22.458
I14_2021_2,I14_2021,I14,2021,4/15,2,30,580,GILANG,5.269,15.029
I14_2021_2,I14_2021,I14,2021,4/15,2,30,581,GILANG,6.317,19.213
I14_2021_2,I14_2021,I14,2021,4/15,2,40,584,GILANG,7.277,26.468
I14_2021_2,I14_2021,I14,2021,4/15,2,40,585,BRANIG,9.571,42.921
I14_2021_2,I14_2021,I14,2021,4/15,2,40,586,GILANG,7.954,32.742
I14_2021_2,I14_2021,I14,2021,4/15,2,40,587,GILANG,6.939,22.341
I14_2021_2,I14_2021,I14,2021,4/15,2,40,588,GILANG,8.742,40.521
I14_2021_2,I14_2021,I14,2021,4/15,2,40,589,GILANG,7.965,33.299
I14_2021_2,I14_2021,I14,2021,4/15,2,40,590,GILANG,6.594,17.814
I14_2021_2,I14_2021,I14,2021,4/15,2,45,596,DICCAP,18.491,106.806
I14_2021_2,I14_2021,I14,2021,4/15,2,45,597,DICCAP,17.681,103.444
I14_2021_2,I14_2021,I14,2021,4/15,2,45,599,BRANIG,6.716,26.216
I20_2021_2,I20_2021,I20,2021,4/16,2,25,724,DICCAP,17.517,142.207
I20_2021_2,I20_2021,I20,2021,4/16,2,5,736,SALMEL,7.030,21.393
I20_2021_2,I20_2021,I20,2021,4/16,2,5,742,SALMEL,8.637,21.482
I20_2021_2,I20_2021,I20,2021,4/16,2,5,741,SALMEL,7.068,17.860
I20_2021_2,I20_2021,I20,2021,4/16,2,5,746,SALMEL,6.362,18.003
I20_2021_2,I20_2021,I20,2021,4/16,2,5,754,SALMEL,7.769,15.193
I50_2021_2,I50_2021,I50,2021,4/16,2,40,605,GILANG,8.182,31.770
I50_2021_2,I50_2021,I50,2021,4/16,2,40,606,GILANG,5.871,23.904
I50_2021_2,I50_2021,I50,2021,4/16,2,40,607,GILANG,5.912,20.587
I50_2021_2,I50_2021,I50,2021,4/16,2,40,610,MICLIN,11.457,72.259
I50_2021_2,I50_2021,I50,2021,4/16,2,40,611,MICLIN,7.986,40.337
I50_2021_2,I50_2021,I50,2021,4/16,2,35,617,EROCIC,10.492,49.490
I50_2021_2,I50_2021,I50,2021,4/16,2,35,618,EROCIC,10.955,45.919
I50_2021_2,I50_2021,I50,2021,4/16,2,35,619,EROCIC,12.656,58.020
I50_2021_2,I50_2021,I50,2021,4/16,2,35,621,EROCIC,10.343,39.665
I50_2021_2,I50_2021,I50,2021,4/16,2,35,622,SON?,9.710,65.014
I50_2021_2,I50_2021,I50,2021,4/16,2,20,629,EROBOT,9.419,31.812
I50_2021_2,I50_2021,I50,2021,4/16,2,15,636,GILANG,8.895,47.373
I50_2021_2,I50_2021,I50,2021,4/16,2,15,637,GILANG,9.635,40.743
I50_2021_2,I50_2021,I50,2021,4/16,2,15,638,GILANG,9.399,51.876
I50_2021_2,I50_2021,I50,2021,4/16,2,15,639,GILANG,7.822,16.603
I50_2021_2,I50_2021,I50,2021,4/16,2,15,640,GILANG,9.045,47.582
I50_2021_2,I50_2021,I50,2021,4/16,2,15,641,GILANG,9.197,49.361
I50_2021_2,I50_2021,I50,2021,4/16,2,15,642,ANAARV,8.123,41.037
I50_2021_2,I50_2021,I50,2021,4/16,2,10,651,GILANG,7.690,33.612
I50_2021_2,I50_2021,I50,2021,4/16,2,10,652.1,LUPBIC,6.184,13.128
I50_2021_2,I50_2021,I50,2021,4/16,2,10,652.2,LUPBIC,6.037,15.174
I50_2021_2,I50_2021,I50,2021,4/16,2,10,654,EUCCHR,5.013,14.757
I50_2021_2,I50_2021,I50,2021,4/16,2,10,655,EUCCHR,5.365,19.328
I50_2021_2,I50_2021,I50,2021,4/16,2,10,656,EUCCHR,4.914,16.778
I50_2021_2,I50_2021,I50,2021,4/16,2,10,657,EUCCHR,4.950,15.308
I50_2021_2,I50_2021,I50,2021,4/16,2,10,659,GILANG,7.957,26.469
I50_2021_2,I50_2021,I50,2021,4/16,2,10,660,GILANG,7.417,27.643
I50_2021_2,I50_2021,I50,2021,4/16,2,10,662,GILANG,8.346,38.039
I50_2021_2,I50_2021,I50,2021,4/16,2,10,663,GILANG,7.718,37.228
I50_2021_2,I50_2021,I50,2021,4/16,2,10,664,ANAARV,11.205,72.308
I50_2021_2,I50_2021,I50,2021,4/16,2,10,665,ANAARV,8.131,44.887
I50_2021_2,I50_2021,I50,2021,4/16,2,5,673,EROCIC,11.698,42.723
I50_2021_2,I50_2021,I50,2021,4/16,2,5,674.1,LUPBIC,6.558,14.211
I50_2021_2,I50_2021,I50,2021,4/16,2,5,674.2,LUPBIC,7.674,19.077
I50_2021_2,I50_2021,I50,2021,4/16,2,5,675,LUPBIC,6.068,16.104
I50_2021_2,I50_2021,I50,2021,4/16,2,5,676,GILANG,9.409,48.142
I50_2021_2,I50_2021,I50,2021,4/16,2,5,677,GILANG,9.028,44.087
I50_2021_2,I50_2021,I50,2021,4/16,2,5,678,GILANG,8.167,33.112
I50_2021_2,I50_2021,I50,2021,4/16,2,5,679,GILANG,7.542,33.478
I50_2021_2,I50_2021,I50,2021,4/16,2,5,680,GILANG,8.929,48.430
I50_2021_2,I50_2021,I50,2021,4/16,2,25,691,GILANG,7.611,29.488
I50_2021_2,I50_2021,I50,2021,4/16,2,25,692,GILANG,6.131,43.000
I50_2021_2,I50_2021,I50,2021,4/16,2,25,693,LUPBIC,6.318,14.393
I50_2021_2,I50_2021,I50,2021,4/16,2,25,694,ANAARV,6.888,28.185
I50_2021_2,I50_2021,I50,2021,4/16,2,25,695,ANAARV,6.651,15.201
GYP04_2021_2,GYP04_2021,GYP04,2021,4/19,2,45,833,KECANT,16.331,123.124
GYP04_2021_2,GYP04_2021,GYP04,2021,4/19,2,45,834,KECANT,15.208,109.241
GYP04_2021_2,GYP04_2021,GYP04,2021,4/19,2,45,835,KECANT,16.543,119.864
GYP04_2021_2,GYP04_2021,GYP04,2021,4/19,2,45,836,KECANT,15.629,163.030
GYP04_2021_2,GYP04_2021,GYP04,2021,4/19,2,40,847,KECANT,17.639,174.608
GYP04_2021_2,GYP04_2021,GYP04,2021,4/19,2,40,848,KECANT,20.198,200.731
GYP04_2021_2,GYP04_2021,GYP04,2021,4/19,2,40,850,KECANT,19.675,178.053
GYP04_2021_2,GYP04_2021,GYP04,2021,4/19,2,35,860,SALMEL,7.804,24.483
GYP04_2021_2,GYP04_2021,GYP04,2021,4/19,2,35,863,SALMEL,7.718,20.553
GYP04_2021_2,GYP04_2021,GYP04,2021,4/19,2,30,876,SALMEL,9.366,18.991
GYP04_2021_2,GYP04_2021,GYP04,2021,4/19,2,30,883,SALMEL,8.107,20.566
GYP04_2021_2,GYP04_2021,GYP04,2021,4/19,2,30,885,SALMEL,7.782,22.079
GYP04_2021_2,GYP04_2021,GYP04,2021,4/19,2,25,892,SALMEL,5.599,14.279
GYP04_2021_2,GYP04_2021,GYP04,2021,4/19,2,25,894,SALMEL,7.707,22.395
GYP04_2021_2,GYP04_2021,GYP04,2021,4/19,2,15,900,SALMEL,8.784,26.098
GYP04_2021_2,GYP04_2021,GYP04,2021,4/19,2,15,905,SALMEL,8.860,24.308
GYP04_2021_2,GYP04_2021,GYP04,2021,4/19,2,15,922,SALMEL,4.697,8.238
GYP02_2021_2,GYP02_2021,GYP02,2021,4/19,2,45,778,SALMEL,9.486,27.977
GYP02_2021_2,GYP02_2021,GYP02,2021,4/19,2,45,779,SALMEL,9.089,21.506
GYP02_2021_2,GYP02_2021,GYP02,2021,4/19,2,30,785,EROCIC,8.614,33.080
GYP02_2021_2,GYP02_2021,GYP02,2021,4/19,2,30,786,EROCIC,7.861,26.773
GYP02_2021_2,GYP02_2021,GYP02,2021,4/19,2,30,787,EROCIC,8.002,26.626
GYP02_2021_2,GYP02_2021,GYP02,2021,4/19,2,30,788,EROCIC,8.425,14.580
I08_2021_2,I08_2021,I08,2021,4/21,2,40,1085,EROBOT,10.493,65.292
I08_2021_2,I08_2021,I08,2021,4/21,2,35,1094,EROBOT,14.763,132.126
I08_2021_2,I08_2021,I08,2021,4/21,2,35,1095,EROBOT,11.326,77.488
I08_2021_2,I08_2021,I08,2021,4/21,2,35,1096,EROBOT,13.164,100.484
I08_2021_2,I08_2021,I08,2021,4/21,2,10,1121,EROBOT,14.607,127.673
I08_2021_2,I08_2021,I08,2021,4/21,2,10,1123,EROBOT,15.819,139.992
I08_2021_2,I08_2021,I08,2021,4/21,2,10,1124,EROBOT,13.054,106.459
I08_2021_2,I08_2021,I08,2021,4/21,2,10,1125,EROBOT,14.098,124.366
I08_2021_2,I08_2021,I08,2021,4/21,2,15,1135,SALMEL,8.571,33.956
I08_2021_2,I08_2021,I08,2021,4/21,2,15,1137,SALMEL,9.260,24.696
I08_2021_2,I08_2021,I08,2021,4/21,2,15,1139,SALMEL,9.300,32.974
I08_2021_2,I08_2021,I08,2021,4/21,2,15,1140,SALMEL,9.218,33.293
I08_2021_2,I08_2021,I08,2021,4/21,2,15,1142,SALMEL,8.814,22.116
I08_2021_2,I08_2021,I08,2021,4/21,2,15,1144,SALMEL,10.620,34.330
I40_2021_2,I40_2021,I40,2021,4/21,2,45,1044,EROCIC,8.838,28.299
I40_2021_2,I40_2021,I40,2021,4/21,2,35,1050,BRANIG,5.517,20.018
I40_2021_2,I40_2021,I40,2021,4/21,2,35,1051,BRANIG,7.420,27.046
I40_2021_2,I40_2021,I40,2021,4/21,2,35,1052,BRANIG,6.725,21.273
I40_2021_2,I40_2021,I40,2021,4/21,2,35,1053,BRANIG,2.888,8.816
I40_2021_2,I40_2021,I40,2021,4/21,2,35,1054,SALMEL,11.046,50.036
I40_2021_2,I40_2021,I40,2021,4/21,2,35,1056,SALMEL,12.831,59.786
I40_2021_2,I40_2021,I40,2021,4/21,2,4,1060,SALMEL,8.247,26.072
I40_2021_2,I40_2021,I40,2021,4/21,2,4,1062,SALMEL,8.986,32.374
I40_2021_2,I40_2021,I40,2021,4/21,2,4,1064,SALMEL,8.240,26.031
I40_2021_2,I40_2021,I40,2021,4/21,2,4,1066,SALMEL,8.646,24.353
I40_2021_2,I40_2021,I40,2021,4/21,2,4,1068,SALMEL,8.514,31.492
I40_2021_2,I40_2021,I40,2021,4/21,2,4,1070,SALMEL,8.030,26.027
I40_2021_2,I40_2021,I40,2021,4/21,2,4,1073,SALMEL,7.334,22.038
I40_2021_2,I40_2021,I40,2021,4/21,2,4,1076,SALMEL,7.161,20.070
I40_2021_2,I40_2021,I40,2021,4/21,2,4,1078,SALMEL,7.961,26.624
I40_2021_2,I40_2021,I40,2021,4/21,2,4,1080,SALMEL,8.148,22.916
I40_2021_2,I40_2021,I40,2021,4/21,2,4,1082,SALMEL,7.758,17.847
IRC08_2021_2,IRC08_2021,IRC08,2021,4/26,2,45,1200,EROCIC,10.194,44.842
IRC08_2021_2,IRC08_2021,IRC08,2021,4/26,2,45,1201,EROCIC,10.140,47.998
IRC08_2021_2,IRC08_2021,IRC08,2021,4/26,2,45,1202,EUCCHR,3.695,9.338
IRC08_2021_2,IRC08_2021,IRC08,2021,4/26,2,45,1203,EUCCHR,5.288,17.598
IRC08_2021_2,IRC08_2021,IRC08,2021,4/26,2,45,1204,EROCIC,8.236,29.856
IRC08_2021_2,IRC08_2021,IRC08,2021,4/26,2,45,1205,EROCIC,9.071,36.438
IRC08_2021_2,IRC08_2021,IRC08,2021,4/26,2,45,1206,EROCIC,10.075,46.652
IRC08_2021_2,IRC08_2021,IRC08,2021,4/26,2,45,1208,EROCIC,6.813,21.078
IRC08_2021_2,IRC08_2021,IRC08,2021,4/26,2,45,1209,EUCCHR,4.602,14.627
IRC08_2021_2,IRC08_2021,IRC08,2021,4/26,2,45,1210,EUCCHR,4.609,12.401
IRC08_2021_2,IRC08_2021,IRC08,2021,4/26,2,40,1221,BRANIG,14.800,123.832
IRC08_2021_2,IRC08_2021,IRC08,2021,4/26,2,40,1222,BRANIG,17.821,121.266
IRC08_2021_2,IRC08_2021,IRC08,2021,4/26,2,40,1223,EROCIC,8.246,16.337
IRC08_2021_2,IRC08_2021,IRC08,2021,4/26,2,40,1224,EROCIC,7.894,26.726
IRC08_2021_2,IRC08_2021,IRC08,2021,4/26,2,40,1225,BRANIG,17.611,155.687
IRC08_2021_2,IRC08_2021,IRC08,2021,4/26,2,40,1226,BRANIG,20.117,167.526
IRC08_2021_2,IRC08_2021,IRC08,2021,4/26,2,40,1227,BRANIG,9.842,66.242
IRC08_2021_2,IRC08_2021,IRC08,2021,4/26,2,40,1228,BRANIG,11.329,73.128
IRC08_2021_2,IRC08_2021,IRC08,2021,4/26,2,35,1238,EUCCHR,4.116,12.421
IRC08_2021_2,IRC08_2021,IRC08,2021,4/26,2,35,1239,EUCCHR,5.820,21.528
IRC08_2021_2,IRC08_2021,IRC08,2021,4/26,2,35,1240,EUCCHR,4.974,16.828
IRC08_2021_2,IRC08_2021,IRC08,2021,4/26,2,35,1241,EROCIC,9.840,55.046
IRC08_2021_2,IRC08_2021,IRC08,2021,4/26,2,35,1243,EUCCHR,5.808,18.730
IRC08_2021_2,IRC08_2021,IRC08,2021,4/26,2,35,1244,EUCCHR,5.010,16.068
IRC08_2021_2,IRC08_2021,IRC08,2021,4/26,2,35,1245,BRANIG,14.131,91.670
IRC08_2021_2,IRC08_2021,IRC08,2021,4/26,2,35,1246,BRANIG,13.568,90.761
IRC08_2021_2,IRC08_2021,IRC08,2021,4/26,2,35,1248,BRANIG,13.126,77.249
IRC08_2021_2,IRC08_2021,IRC08,2021,4/26,2,30,1255,EUCCHR,6.852,25.902
IRC08_2021_2,IRC08_2021,IRC08,2021,4/26,2,30,1256,EUCCHR,6.019,23.268
IRC08_2021_2,IRC08_2021,IRC08,2021,4/26,2,30,1257,EUCCHR,6.764,24.755
IRC08_2021_2,IRC08_2021,IRC08,2021,4/26,2,30,1258,EUCCHR,4.204,11.722
IRC08_2021_2,IRC08_2021,IRC08,2021,4/26,2,30,1259,EUCCHR,5.787,22.620
IRC08_2021_2,IRC08_2021,IRC08,2021,4/26,2,30,1260,EUCCHR,5.666,18.222
IRC08_2021_2,IRC08_2021,IRC08,2021,4/26,2,30,1262,EUCCHR,5.067,16.857
IRC08_2021_2,IRC08_2021,IRC08,2021,4/26,2,25,1270,BRANIG,10.639,59.626
IRC08_2021_2,IRC08_2021,IRC08,2021,4/26,2,25,1271,BRANIG,11.036,70.546
IRC08_2021_2,IRC08_2021,IRC08,2021,4/26,2,25,1272,EUCCHR,5.238,16.955
IRC08_2021_2,IRC08_2021,IRC08,2021,4/26,2,25,1273,EUCCHR,4.104,11.455
IRC08_2021_2,IRC08_2021,IRC08,2021,4/26,2,25,1274,EUCCHR,4.923,16.499
IRC08_2021_2,IRC08_2021,IRC08,2021,4/26,2,25,1276,BRANIG,12.903,68.546
IRC08_2021_2,IRC08_2021,IRC08,2021,4/26,2,25,1277,BRANIG,14.678,100.382
IRC08_2021_2,IRC08_2021,IRC08,2021,4/26,2,25,1278,BRANIG,9.507,45.798
IRC08_2021_2,IRC08_2021,IRC08,2021,4/26,2,25,1279,BRANIG,9.982,53.836
IRC08_2021_2,IRC08_2021,IRC08,2021,4/26,2,25,1280,BRANIG,9.884,46.472
IRC08_2021_2,IRC08_2021,IRC08,2021,4/26,2,25,1281,PHAPAR,19.446,267.684
IRC08_2021_2,IRC08_2021,IRC08,2021,4/26,2,25,1282,PHAPAR,20.563,261.341
IRC08_2021_2,IRC08_2021,IRC08,2021,4/26,2,25,1283,PHAPAR,19.264,228.979
IRC08_2021_2,IRC08_2021,IRC08,2021,4/26,2,25,1284,PHAPAR,17.765,197.081
IRC08_2021_2,IRC08_2021,IRC08,2021,4/26,2,25,1285,PHACIC,15.538,163.364
IRC08_2021_2,IRC08_2021,IRC08,2021,4/26,2,25,1287,PHACIC,10.717,82.556
IRC08_2021_2,IRC08_2021,IRC08,2021,4/26,2,25,1289,PHACIC,14.284,151.800
IRC08_2021_2,IRC08_2021,IRC08,2021,4/26,2,25,1290,PHACIC,15.140,147.829
IRC08_2021_2,IRC08_2021,IRC08,2021,4/26,2,20,1303,EUCCHR,5.770,21.410
IRC08_2021_2,IRC08_2021,IRC08,2021,4/26,2,15,1316,PHAPAR,21.285,294.384
IRC08_2021_2,IRC08_2021,IRC08,2021,4/26,2,15,1318,EUCCHR,4.925,15.306
IRC08_2021_2,IRC08_2021,IRC08,2021,4/26,2,15,1319,EUCCHR,5.537,20.434
IRC08_2021_2,IRC08_2021,IRC08,2021,4/26,2,15,1321,EUCCHR,4.669,16.914
IRC08_2021_2,IRC08_2021,IRC08,2021,4/26,2,15,1322,EUCCHR,5.132,18.346
IRC08_2021_2,IRC08_2021,IRC08,2021,4/26,2,0,1329,EUCCHR,5.071,16.194
IRC08_2021_2,IRC08_2021,IRC08,2021,4/26,2,0,1330,EUCCHR,5.071,16.550
IRC08_2021_2,IRC08_2021,IRC08,2021,4/26,2,0,1332,EUCCHR,4.941,17.710
IRC08_2021_2,IRC08_2021,IRC08,2021,4/26,2,5,1341,EUCCHR,5.014,15.541
IRC08_2021_2,IRC08_2021,IRC08,2021,4/26,2,10,1351,EUCCHR,5.256,17.490
IRC08_2021_2,IRC08_2021,IRC08,2021,4/26,2,10,1352,EUCCHR,5.889,21.889
IRC08_2021_2,IRC08_2021,IRC08,2021,4/26,2,10,1353,EUCCHR,5.448,17.512
IRC08_2021_2,IRC08_2021,IRC08,2021,4/26,2,10,1355,EUCCHR,6.166,22.087
IRC08_2021_2,IRC08_2021,IRC08,2021,4/26,2,10,1357,EUCCHR,5.324,16.173
IRC08_2021_2,IRC08_2021,IRC08,2021,4/26,2,10,1358,EUCCHR,6.207,21.482
IRC08_2021_2,IRC08_2021,IRC08,2021,4/26,2,10,1359,EUCCHR,5.714,18.136
IRC08_2021_2,IRC08_2021,IRC08,2021,4/26,2,10,1360,PHAPAR,16.967,193.464
IRC08_2021_2,IRC08_2021,IRC08,2021,4/26,2,10,1362,PHAPAR,11.820,81.340
IRC08_2021_2,IRC08_2021,IRC08,2021,4/26,2,10,1363,PHAPAR,15.362,156.238
IRC08_2021_2,IRC08_2021,IRC08,2021,4/26,2,10,1364,EUCCHR,5.530,19.138
IRC08_2021_2,IRC08_2021,IRC08,2021,4/26,2,10,1365,EUCCHR,5.361,15.128
GYP09_2021_2,GYP09_2021,GYP09,2021,4/27,2,25,1498,SALMEL,5.601,12.406
GYP09_2021_2,GYP09_2021,GYP09,2021,4/27,2,5,1518,ERICON,10.783,62.285
GYP09_2021_2,GYP09_2021,GYP09,2021,4/27,2,5,1519,ERICON,11.066,55.825
GYP09_2021_2,GYP09_2021,GYP09,2021,4/27,2,5,1520,ERICON,10.008,51.544
GYP09_2021_2,GYP09_2021,GYP09,2021,4/27,2,5,1521,ERICON,7.702,37.122
GYP09_2021_2,GYP09_2021,GYP09,2021,4/27,2,5,1523,KECANT,17.694,182.518
GYP09_2021_2,GYP09_2021,GYP09,2021,4/27,2,5,1524,KECANT,16.262,122.138
GYP09_2021_2,GYP09_2021,GYP09,2021,4/27,2,5,1525,KECANT,15.763,144.920
GYP09_2021_2,GYP09_2021,GYP09,2021,4/27,2,5,1526,KECANT,16.664,137.328
GYP09_2021_2,GYP09_2021,GYP09,2021,4/27,2,0,1539,BRANIG,10.262,47.845
GYP09_2021_2,GYP09_2021,GYP09,2021,4/27,2,0,1540,BRANIG,9.692,43.743
GYP09_2021_2,GYP09_2021,GYP09,2021,4/27,2,0,1542,BRANIG,11.397,39.476
I02_2021_2,I02_2021,I02,2021,4/27,2,0,1377,BRANIG,8.070,34.280
I02_2021_2,I02_2021,I02,2021,4/27,2,0,1378,BRANIG,8.423,34.936
I02_2021_2,I02_2021,I02,2021,4/27,2,0,1380,CALSPL,35.548,
I02_2021_2,I02_2021,I02,2021,4/27,2,0,1381,BRANIG,7.774,35.972
I02_2021_2,I02_2021,I02,2021,4/27,2,0,1382,BRANIG,6.570,25.287
I02_2021_2,I02_2021,I02,2021,4/27,2,5,1386,BRANIG,7.978,38.826
I02_2021_2,I02_2021,I02,2021,4/27,2,10,1396,BRANIG,11.917,64.234
I02_2021_2,I02_2021,I02,2021,4/27,2,15,1403,BRANIG,7.324,25.316
I02_2021_2,I02_2021,I02,2021,4/27,2,15,1405,BRANIG,7.170,21.288
I02_2021_2,I02_2021,I02,2021,4/27,2,15,1406,BRANIG,7.382,29.552
I02_2021_2,I02_2021,I02,2021,4/27,2,15,1407,BRANIG,7.500,23.740
I02_2021_2,I02_2021,I02,2021,4/27,2,25,1415,BRANIG,10.505,42.549
I02_2021_2,I02_2021,I02,2021,4/27,2,25,1416,BRANIG,12.068,50.262
I02_2021_2,I02_2021,I02,2021,4/27,2,25,1417,SONOLE,19.955,176.945
I02_2021_2,I02_2021,I02,2021,4/27,2,30,1424,BRANIG,11.217,31.863
I02_2021_2,I02_2021,I02,2021,4/27,2,30,1426,EROCIC,9.926,41.973
I02_2021_2,I02_2021,I02,2021,4/27,2,30,1427,SONOLE,10.224,52.078
I02_2021_2,I02_2021,I02,2021,4/27,2,30,1428,BRANIG,10.342,46.336
I02_2021_2,I02_2021,I02,2021,4/27,2,30,1429,BRANIG,10.512,42.520
I02_2021_2,I02_2021,I02,2021,4/27,2,35,1437,BRANIG,10.399,40.144
I02_2021_2,I02_2021,I02,2021,4/27,2,35,1438,BRANIG,8.898,38.600
I02_2021_2,I02_2021,I02,2021,4/27,2,35,1439,EROCIC,8.970,34.373
I02_2021_2,I02_2021,I02,2021,4/27,2,35,1440,BRANIG,11.430,51.864
I02_2021_2,I02_2021,I02,2021,4/27,2,35,1442,BRANIG,11.166,48.646
I02_2021_2,I02_2021,I02,2021,4/27,2,40,1451,BRANIG,10.250,57.164
I02_2021_2,I02_2021,I02,2021,4/27,2,40,1453,SALMEL,10.039,34.466
I02_2021_2,I02_2021,I02,2021,4/27,2,40,1454,SALMEL,8.699,22.714
I02_2021_2,I02_2021,I02,2021,4/27,2,40,1455,SALMEL,784.500,26.878
I02_2021_2,I02_2021,I02,2021,4/27,2,45,1463,ASTER?,6.511,26.117
I02_2021_2,I02_2021,I02,2021,4/27,2,45,1464,EROCIC,10.827,49.635
I02_2021_2,I02_2021,I02,2021,4/27,2,45,1465,EROCIC,9.712,37.165
I02_2021_2,I02_2021,I02,2021,4/27,2,45,1466,EROCIC,8.907,32.250
I02_2021_2,I02_2021,I02,2021,4/27,2,45,1467,EROCIC,7.515,21.890
GYP08_2021_3,GYP08_2021,GYP08,2021,4/28,3,30,1698,SISBEL,15.950,138.518
GYP08_2021_3,GYP08_2021,GYP08,2021,4/28,3,25,1709,SALMEL,8.414,20.810
GYP08_2021_3,GYP08_2021,GYP08,2021,4/28,3,25,1711,SALMEL,7.253,19.481
GYP08_2021_3,GYP08_2021,GYP08,2021,4/28,3,25,1713,SALMEL,6.381,14.642
GYP01_2021_3,GYP01_2021,GYP01,2021,4/28,3,5,1563,BRANIG,11.147,41.144
GYP01_2021_3,GYP01_2021,GYP01,2021,4/28,3,5,1564,ESCCAL,26.329,425.638
GYP01_2021_3,GYP01_2021,GYP01,2021,4/28,3,10,1572,EROCIC,7.669,34.065
GYP01_2021_3,GYP01_2021,GYP01,2021,4/28,3,10,1573,EROBOT,11.659,74.820
GYP01_2021_3,GYP01_2021,GYP01,2021,4/28,3,10,1574,EROBOT,11.935,88.625
GYP01_2021_3,GYP01_2021,GYP01,2021,4/28,3,10,1575,ANAARV,6.709,27.187
GYP01_2021_3,GYP01_2021,GYP01,2021,4/28,3,15,1582,EUCCHR,4.995,16.889
GYP01_2021_3,GYP01_2021,GYP01,2021,4/28,3,15,1583,EUCCHR,6.084,19.944
GYP01_2021_3,GYP01_2021,GYP01,2021,4/28,3,15,1584,EUCCHR,5.423,19.947
GYP01_2021_3,GYP01_2021,GYP01,2021,4/28,3,15,1585,EUCCHR,4.884,15.423
GYP01_2021_3,GYP01_2021,GYP01,2021,4/28,3,20,1593,BRANIG,9.664,51.612
GYP01_2021_3,GYP01_2021,GYP01,2021,4/28,3,20,1594,BRANIG,10.405,57.862
GYP01_2021_3,GYP01_2021,GYP01,2021,4/28,3,20,1595,BRANIG,10.600,55.408
GYP01_2021_3,GYP01_2021,GYP01,2021,4/28,3,20,1596,EROCIC,8.340,35.390
GYP01_2021_3,GYP01_2021,GYP01,2021,4/28,3,20,1597,ESCCAL,27.030,434.132
GYP01_2021_3,GYP01_2021,GYP01,2021,4/28,3,20,1598.1,DICCAP,13.812,63.935
GYP01_2021_3,GYP01_2021,GYP01,2021,4/28,3,20,1598.2,DICCAP,13.370,58.458
GYP01_2021_3,GYP01_2021,GYP01,2021,4/28,3,20,1599,BRANIG,11.060,57.000
GYP01_2021_3,GYP01_2021,GYP01,2021,4/28,3,20,1601,BRANIG,10.233,51.426
GYP01_2021_3,GYP01_2021,GYP01,2021,4/28,3,20,1602,BRANIG,13.514,68.846
GYP01_2021_3,GYP01_2021,GYP01,2021,4/28,3,20,1603,BRANIG,12.046,50.248
GYP01_2021_3,GYP01_2021,GYP01,2021,4/28,3,25,1611,BRANIG,10.671,56.374
GYP01_2021_3,GYP01_2021,GYP01,2021,4/28,3,25,1612,BRANIG,11.801,67.410
GYP01_2021_3,GYP01_2021,GYP01,2021,4/28,3,25,1613,BRANIG,11.615,54.614
GYP01_2021_3,GYP01_2021,GYP01,2021,4/28,3,25,1614,BRANIG,10.421,50.877
GYP01_2021_3,GYP01_2021,GYP01,2021,4/28,3,25,1615,BRANIG,12.015,54.172
GYP01_2021_3,GYP01_2021,GYP01,2021,4/28,3,25,1618,ANAARV,5.249,18.332
GYP01_2021_3,GYP01_2021,GYP01,2021,4/28,3,25,1620,ANAARV,8.942,43.634
GYP01_2021_3,GYP01_2021,GYP01,2021,4/28,3,25,1621,ESCCAL,27.725,352.938
GYP01_2021_3,GYP01_2021,GYP01,2021,4/28,3,25,1622,ESCCAL,21.752,263.234
GYP01_2021_3,GYP01_2021,GYP01,2021,4/28,3,30,1630,BRANIG,9.221,38.082
GYP01_2021_3,GYP01_2021,GYP01,2021,4/28,3,30,1631,BRANIG,10.383,41.351
GYP01_2021_3,GYP01_2021,GYP01,2021,4/28,3,30,1632,BRANIG,8.148,33.010
GYP01_2021_3,GYP01_2021,GYP01,2021,4/28,3,30,1633,BRANIG,9.713,35.385
GYP01_2021_3,GYP01_2021,GYP01,2021,4/28,3,30,1634,BRANIG,9.445,47.112
GYP01_2021_3,GYP01_2021,GYP01,2021,4/28,3,35,1642,SONOLE,16.588,190.026
GYP01_2021_3,GYP01_2021,GYP01,2021,4/28,3,35,1643,GILANG,7.314,24.456
GYP01_2021_3,GYP01_2021,GYP01,2021,4/28,3,40,1651,DICCAP,12.157,53.573
GYP01_2021_3,GYP01_2021,GYP01,2021,4/28,3,40,1652,ACMGLA,8.905,23.748
GYP01_2021_3,GYP01_2021,GYP01,2021,4/28,3,45,1665,BRANIG,9.646,37.739
GYP01_2021_3,GYP01_2021,GYP01,2021,4/28,3,45,1666,BRANIG,8.793,36.322
GYP01_2021_3,GYP01_2021,GYP01,2021,4/28,3,45,1667,BRANIG,9.813,36.271
GYP01_2021_3,GYP01_2021,GYP01,2021,4/28,3,45,1668,BRANIG,11.660,51.040
GYP01_2021_3,GYP01_2021,GYP01,2021,4/28,3,45,1669,BRANIG,10.520,43.470
GYP01_2021_3,GYP01_2021,GYP01,2021,4/28,3,40,1673,ANAARV,7.760,39.914
GYP01_2021_3,GYP01_2021,GYP01,2021,4/28,3,40,1675,ANAARV,9.120,53.434
GYP01_2021_3,GYP01_2021,GYP01,2021,4/28,3,40,1676,ANAARV,7.073,36.453
IRC01_2021_3,IRC01_2021,IRC01,2021,4/29,3,45,1831,EUCCHR,4.770,14.667
IRC01_2021_3,IRC01_2021,IRC01,2021,4/29,3,45,1832,EUCCHR,4.973,15.616
IRC01_2021_3,IRC01_2021,IRC01,2021,4/29,3,45,1833,EUCCHR,5.112,14.313
IRC01_2021_3,IRC01_2021,IRC01,2021,4/29,3,45,1834,EUCCHR,5.897,19.298
IRC01_2021_3,IRC01_2021,IRC01,2021,4/29,3,45,1835,CALEUR,51.483,2252.001
IRC01_2021_3,IRC01_2021,IRC01,2021,4/29,3,45,1837,EUCCHR,6.152,20.029
IRC01_2021_3,IRC01_2021,IRC01,2021,4/29,3,45,1838,EUCCHR,5.614,17.365
IRC01_2021_3,IRC01_2021,IRC01,2021,4/29,3,40,1845,EUCCHR,5.146,16.248
IRC01_2021_3,IRC01_2021,IRC01,2021,4/29,3,40,1846,ANAARV,11.259,83.995
IRC01_2021_3,IRC01_2021,IRC01,2021,4/29,3,40,1847,EUCCHR,5.605,18.454
IRC01_2021_3,IRC01_2021,IRC01,2021,4/29,3,40,1848,EUCCHR,5.754,21.952
IRC01_2021_3,IRC01_2021,IRC01,2021,4/29,3,40,1849,ANAARV,9.528,62.000
IRC01_2021_3,IRC01_2021,IRC01,2021,4/29,3,40,1850,ANAARV,8.977,59.485
IRC01_2021_3,IRC01_2021,IRC01,2021,4/29,3,40,1851,ANAARV,10.066,58.610
IRC01_2021_3,IRC01_2021,IRC01,2021,4/29,3,40,1852,ANAARV,7.927,40.688
IRC01_2021_3,IRC01_2021,IRC01,2021,4/29,3,35,1860,ANAARV,8.704,48.657
IRC01_2021_3,IRC01_2021,IRC01,2021,4/29,3,35,1861,ANAARV,8.381,46.044
IRC01_2021_3,IRC01_2021,IRC01,2021,4/29,3,30,1868,ANAARV,4.694,14.214
IRC01_2021_3,IRC01_2021,IRC01,2021,4/29,3,30,1869,EUCCHR,5.158,15.747
IRC01_2021_3,IRC01_2021,IRC01,2021,4/29,3,30,1870,EUCCHR,5.856,21.360
IRC01_2021_3,IRC01_2021,IRC01,2021,4/29,3,25,1878,EUCCHR,5.531,18.818
IRC01_2021_3,IRC01_2021,IRC01,2021,4/29,3,25,1880,EUCCHR,4.863,14.241
IRC01_2021_3,IRC01_2021,IRC01,2021,4/29,3,25,1881,EUCCHR,4.796,14.261
IRC01_2021_3,IRC01_2021,IRC01,2021,4/29,3,25,1882,EUCCHR,4.979,15.519
IRC01_2021_3,IRC01_2021,IRC01,2021,4/29,3,25,1884,EROCIC,8.222,27.880
IRC01_2021_3,IRC01_2021,IRC01,2021,4/29,3,25,1886,EUCCHR,5.723,20.410
IRC01_2021_3,IRC01_2021,IRC01,2021,4/29,3,20,1893,SOLXAN,18.242,239.094
IRC01_2021_3,IRC01_2021,IRC01,2021,4/29,3,20,1896,EUCCHR,4.715,14.901
IRC01_2021_3,IRC01_2021,IRC01,2021,4/29,3,15,1910,EUCCHR,4.006,11.253
IRC01_2021_3,IRC01_2021,IRC01,2021,4/29,3,15,1913,EUCCHR,5.222,19.238
IRC01_2021_3,IRC01_2021,IRC01,2021,4/29,3,15,1915,EUCCHR,5.237,18.127
IRC01_2021_3,IRC01_2021,IRC01,2021,4/29,3,15,1916,EUCCHR,5.752,20.255
IRC01_2021_3,IRC01_2021,IRC01,2021,4/29,3,5,1938,EUCCHR,4.746,6.841
IRC01_2021_3,IRC01_2021,IRC01,2021,4/29,3,0,1948,DICCAP,15.804,101.105
IRC01_2021_3,IRC01_2021,IRC01,2021,4/29,3,0,1952,DICCAP,14.466,94.411
IRC01_2021_3,IRC01_2021,IRC01,2021,4/29,3,0,1954,ANAARV,10.185,65.047
IRC01_2021_3,IRC01_2021,IRC01,2021,4/29,3,0,1955,ANAARV,9.618,61.117
IRC01_2021_3,IRC01_2021,IRC01,2021,4/29,3,0,1956,ANAARV,11.462,83.065
IRC01_2021_3,IRC01_2021,IRC01,2021,4/29,3,0,1957,ANAARV,9.265,68.564
IRC01_2021_3,IRC01_2021,IRC01,2021,4/29,3,0,1958,ANAARV,12.274,82.432
IRC01_2021_3,IRC01_2021,IRC01,2021,4/29,3,0,1959,EUCCHR,6.346,24.898
IRC01_2021_3,IRC01_2021,IRC01,2021,4/29,3,0,1961,EUCCHR,5.882,21.623
IRC01_2021_3,IRC01_2021,IRC01,2021,4/29,3,0,1963,EUCCHR,5.995,22.914
IRC01_2021_3,IRC01_2021,IRC01,2021,4/29,3,0,1964,EUCCHR,5.797,20.834
IRC01_2021_3,IRC01_2021,IRC01,2021,4/29,3,0,1965,ANAARV,10.802,73.892
IRC01_2021_3,IRC01_2021,IRC01,2021,4/29,3,0,1966,ANAARV,10.516,74.526
IRC01_2021_3,IRC01_2021,IRC01,2021,4/29,3,0,1957,ANAARV,8.656,50.021
IRC01_2021_3,IRC01_2021,IRC01,2021,4/29,3,0,1971,CALEUR,42.223,1564.372
IRC01_2021_3,IRC01_2021,IRC01,2021,4/29,3,0,1972,CALEUR,36.162,1085.805
IRC01_2021_3,IRC01_2021,IRC01,2021,4/29,3,0,1975,CALEUR,35.919,1041.935
IRC23_2021_3,IRC23_2021,IRC23,2021,4/30,3,45,2074,CALMAC,30.517,677.763
IRC23_2021_3,IRC23_2021,IRC23,2021,4/30,3,45,2075,EROCIC,8.022,27.285
IRC23_2021_3,IRC23_2021,IRC23,2021,4/30,3,45,2078,ENCCAL,37.048,755.659
IRC23_2021_3,IRC23_2021,IRC23,2021,4/30,3,45,2079,ENCCAL,38.665,880.884
IRC23_2021_3,IRC23_2021,IRC23,2021,4/30,3,30,2108,PHAPAR,18.864,208.763
IRC23_2021_3,IRC23_2021,IRC23,2021,4/30,3,30,2109,PHAPAR,18.700,241.298
IRC23_2021_3,IRC23_2021,IRC23,2021,4/30,3,30,2110,PHAPAR,13.888,148.516
IRC23_2021_3,IRC23_2021,IRC23,2021,4/30,3,25,2117,BRANIG,12.618,59.872
IRC23_2021_3,IRC23_2021,IRC23,2021,4/30,3,25,2118,BRANIG,20.006,39.944
IRC23_2021_3,IRC23_2021,IRC23,2021,4/30,3,25,2120,BRANIG,10.998,53.096
IRC23_2021_3,IRC23_2021,IRC23,2021,4/30,3,25,2121,BRANIG,11.339,52.114
IRC23_2021_3,IRC23_2021,IRC23,2021,4/30,3,25,2122,BRANIG,7.775,29.042
IRC23_2021_3,IRC23_2021,IRC23,2021,4/30,3,25,2123,BRANIG,8.331,30.853
IRC23_2021_3,IRC23_2021,IRC23,2021,4/30,3,25,2124,BRANIG,9.529,38.593
IRC23_2021_3,IRC23_2021,IRC23,2021,4/30,3,25,2128,DICCAP,14.282,76.532
IRC23_2021_3,IRC23_2021,IRC23,2021,4/30,3,25,2129,CRY,5.472,19.125
IRC23_2021_3,IRC23_2021,IRC23,2021,4/30,3,25,2130,CRY,5.493,10.203
IRC23_2021_3,IRC23_2021,IRC23,2021,4/30,3,25,2131,CRY,5.544,16.412
IRC23_2021_3,IRC23_2021,IRC23,2021,4/30,3,20,2139,CRY,5.144,17.292
IRC23_2021_3,IRC23_2021,IRC23,2021,4/30,3,20,2140,CRY,4.944,15.550
IRC23_2021_3,IRC23_2021,IRC23,2021,4/30,3,20,2141,CRY,5.041,15.840
IRC23_2021_3,IRC23_2021,IRC23,2021,4/30,3,20,2142,CRY,4.621,14.068
IRC23_2021_3,IRC23_2021,IRC23,2021,4/30,3,4,2169,CALEUR,34.988,922.837
IRC23_2021_3,IRC23_2021,IRC23,2021,4/30,3,4,2171,CALEUR,33.297,862.664
IRC23_2021_3,IRC23_2021,IRC23,2021,4/30,3,4,2173,CALEUR,40.185,1304.804
IRC23_2021_3,IRC23_2021,IRC23,2021,4/30,3,4,2175,CALSPL,37.968,1044.890
IRC23_2021_3,IRC23_2021,IRC23,2021,4/30,3,4,2179,CALSPL,31.065,666.029
BD21_2021_3,BD21_2021,BD21,2021,4/30,3,35,1986,SALMEL,5.818,13.922
BD21_2021_3,BD21_2021,BD21,2021,4/30,3,40,1995,SALMEL,6.137,13.587
BD21_2021_3,BD21_2021,BD21,2021,4/30,3,40,2001,SALMEL,5.976,14.842
BD21_2021_3,BD21_2021,BD21,2021,4/30,3,20,2032,SALMEL,5.913,15.580
BD21_2021_3,BD21_2021,BD21,2021,4/30,3,10,2040,SALMEL,5.982,12.908
BD21_2021_3,BD21_2021,BD21,2021,4/30,3,10,2041,SALMEL,6.173,14.521
BD21_2021_3,BD21_2021,BD21,2021,4/30,3,10,2047,SALMEL,6.877,16.536
BD21_2021_3,BD21_2021,BD21,2021,4/30,3,10,2048,SALMEL,6.548,14.938
BD21_2021_3,BD21_2021,BD21,2021,4/30,3,5,2063,SALMEL,5.246,11.236
I14_2021_3,I14_2021,I14,2021,5/3,3,45,2206,SONOLE,15.827,196.240
I14_2021_3,I14_2021,I14,2021,5/3,3,40,2213,BRANIG,8.843,37.489
I14_2021_3,I14_2021,I14,2021,5/3,3,40,2214,BRANIG,7.662,29.181
I14_2021_3,I14_2021,I14,2021,5/3,3,40,2215,BRANIG,7.190,24.094
I14_2021_3,I14_2021,I14,2021,5/3,3,40,2216,EROCIC,8.912,27.890
I14_2021_3,I14_2021,I14,2021,5/3,3,40,2217,BRANIG,7.812,34.990
I14_2021_3,I14_2021,I14,2021,5/3,3,40,2218,BRANIG,8.868,47.910
I14_2021_3,I14_2021,I14,2021,5/3,3,40,2219,BRANIG,10.179,50.505
I14_2021_3,I14_2021,I14,2021,5/3,3,40,2221,BRANIG,8.353,46.125
I14_2021_3,I14_2021,I14,2021,5/3,3,30,2234,DEIFAS,8.258,43.265
I14_2021_3,I14_2021,I14,2021,5/3,3,15,2253,unkaster,16.831,136.326
I14_2021_3,I14_2021,I14,2021,5/3,3,15,2254,BRANIG,7.694,23.600
I14_2021_3,I14_2021,I14,2021,5/3,3,15,2261,DEIFAS,7.416,43.380
I14_2021_3,I14_2021,I14,2021,5/3,3,15,2264,DEIFAS,9.944,54.013
I14_2021_3,I14_2021,I14,2021,5/3,3,15,2265,DEIFAS,8.942,54.110
I15_2021_3,I15_2021,I15,2021,5/3,3,30,2313,BRANIG,9.495,41.436
I15_2021_3,I15_2021,I15,2021,5/3,3,30,2314,BRANIG,8.546,31.836
I15_2021_3,I15_2021,I15,2021,5/3,3,30,2318,EROCIC,6.700,20.365
I15_2021_3,I15_2021,I15,2021,5/3,3,30,2319,ACMGLA,8.339,15.653
I15_2021_3,I15_2021,I15,2021,5/3,3,30,2320,ACMGLA,8.234,15.470
I15_2021_3,I15_2021,I15,2021,5/3,3,30,2321,ACMGLA,7.183,22.368
I15_2021_3,I15_2021,I15,2021,5/3,3,20,2331,BRANIG,9.619,48.322
I15_2021_3,I15_2021,I15,2021,5/3,3,20,2332,BRANIG,9.465,41.994
I15_2021_3,I15_2021,I15,2021,5/3,3,20,2333,BRANIG,9.860,35.760
I15_2021_3,I15_2021,I15,2021,5/3,3,20,2334,BRANIG,9.177,33.934
I15_2021_3,I15_2021,I15,2021,5/3,3,20,2335,BRANIG,9.101,33.396
I15_2021_3,I15_2021,I15,2021,5/3,3,20,2336,BRANIG,9.111,33.330
I15_2021_3,I15_2021,I15,2021,5/3,3,20,2337,EROCIC,6.306,12.470
BKR10_2021_3,BKR10_2021,BKR10,2021,5/4,3,30,2561,SALMEL,6.284,17.337
BKR10_2021_3,BKR10_2021,BKR10,2021,5/4,3,30,2563,SALMEL,5.498,11.222
BKR10_2021_3,BKR10_2021,BKR10,2021,5/4,3,30,2565,SALMEL,7.558,19.344
BKR10_2021_3,BKR10_2021,BKR10,2021,5/4,3,30,2567,SALMEL,7.613,26.899
BKR10_2021_3,BKR10_2021,BKR10,2021,5/4,3,30,2569,SALMEL,7.716,22.689
BKR10_2021_3,BKR10_2021,BKR10,2021,5/4,3,25,2587,BRANIG,7.098,21.828
BKR10_2021_3,BKR10_2021,BKR10,2021,5/4,3,25,2588,BRANIG,7.314,23.816
BKR10_2021_3,BKR10_2021,BKR10,2021,5/4,3,25,2589,BRANIG,6.654,21.816
BKR10_2021_3,BKR10_2021,BKR10,2021,5/4,3,25,2590,BRANIG,7.265,28.986
BKR10_2021_3,BKR10_2021,BKR10,2021,5/4,3,25,2592,BRANIG,7.064,22.360
BKR10_2021_3,BKR10_2021,BKR10,2021,5/4,3,20,2603,BRANIG,5.752,16.778
BKR10_2021_3,BKR10_2021,BKR10,2021,5/4,3,20,2604,BRANIG,6.308,20.365
SS05_2021_3,SS05_2021,SS05,2021,5/4,3,0,2380,CRY,7.703,41.654
SS05_2021_3,SS05_2021,SS05,2021,5/4,3,0,2381,CRY,7.411,35.172
SS05_2021_3,SS05_2021,SS05,2021,5/4,3,0,2382,CRY,7.653,40.065
SS05_2021_3,SS05_2021,SS05,2021,5/4,3,0,2383,CRY,6.856,32.075
SS05_2021_3,SS05_2021,SS05,2021,5/4,3,0,2385,EMMPEN,10.116,67.347
SS05_2021_3,SS05_2021,SS05,2021,5/4,3,0,2387,EMMPEN,10.636,60.887
SS05_2021_3,SS05_2021,SS05,2021,5/4,3,0,2388,CRY,8.006,46.656
SS05_2021_3,SS05_2021,SS05,2021,5/4,3,0,2390,CRY,7.948,42.055
SS05_2021_3,SS05_2021,SS05,2021,5/4,3,0,2392,BRANIG,8.848,36.248
SS05_2021_3,SS05_2021,SS05,2021,5/4,3,0,2395,BRANIG,10.233,32.032
SS05_2021_3,SS05_2021,SS05,2021,5/4,3,0,2396,BRANIG,8.921,40.588
SS05_2021_3,SS05_2021,SS05,2021,5/4,3,5,2412,EROCIC,8.278,29.693
SS05_2021_3,SS05_2021,SS05,2021,5/4,3,5,2413,EROCIC,7.324,22.455
SS05_2021_3,SS05_2021,SS05,2021,5/4,3,5,2414,EROCIC,11.144,16.605
SS05_2021_3,SS05_2021,SS05,2021,5/4,3,5,2416,BRANIG,9.614,41.158
SS05_2021_3,SS05_2021,SS05,2021,5/4,3,5,2417,BRANIG,10.188,48.236
SS05_2021_3,SS05_2021,SS05,2021,5/4,3,5,2418,CRY,6.093,25.811
SS05_2021_3,SS05_2021,SS05,2021,5/4,3,5,2419,CRY,5.857,23.719
SS05_2021_3,SS05_2021,SS05,2021,5/4,3,5,2420,CRY,6.064,23.936
SS05_2021_3,SS05_2021,SS05,2021,5/4,3,5,2421,CRY,5.585,20.530
SS05_2021_3,SS05_2021,SS05,2021,5/4,3,10,2435,EROCIC,6.207,17.632
SS05_2021_3,SS05_2021,SS05,2021,5/4,3,10,2437,EROCIC,7.353,25.765
SS05_2021_3,SS05_2021,SS05,2021,5/4,3,10,2441,BRANIG,5.482,15.572
SS05_2021_3,SS05_2021,SS05,2021,5/4,3,15,2451,CRY,3.727,8.447
SS05_2021_3,SS05_2021,SS05,2021,5/4,3,35,2481,CRY,6.967,35.012
SS05_2021_3,SS05_2021,SS05,2021,5/4,3,40,2497,BRANIG,9.282,49.626
SS05_2021_3,SS05_2021,SS05,2021,5/4,3,40,2501,BRANIG,10.166,55.932
SS05_2021_3,SS05_2021,SS05,2021,5/4,3,40,2503,BRANIG,10.590,49.808
SS05_2021_3,SS05_2021,SS05,2021,5/4,3,40,2505,EROBOT,15.823,138.417
SS05_2021_3,SS05_2021,SS05,2021,5/4,3,40,2506,BRANIG,9.622,52.600
SS05_2021_3,SS05_2021,SS05,2021,5/4,3,40,2507,BRANIG,8.314,40.593
SS05_2021_3,SS05_2021,SS05,2021,5/4,3,40,2509,BRANIG,8.761,40.541
SS05_2021_3,SS05_2021,SS05,2021,5/4,3,40,2510,BRANIG,10.527,52.304
SS05_2021_3,SS05_2021,SS05,2021,5/4,3,40,2511,CRY,6.194,27.948
SS05_2021_3,SS05_2021,SS05,2021,5/4,3,40,2513,CRY,7.008,31.623
SS05_2021_3,SS05_2021,SS05,2021,5/4,3,40,2514,CRY,5.832,25.332
GYP04_2021_3,GYP04_2021,GYP04,2021,5/6,3,35,2794,SALMEL,5.229,15.139
GYP04_2021_3,GYP04_2021,GYP04,2021,5/6,3,35,2796,SALMEL,7.885,21.594
GYP04_2021_3,GYP04_2021,GYP04,2021,5/6,3,35,2804,SALMEL,7.491,18.819
GYP04_2021_3,GYP04_2021,GYP04,2021,5/6,3,20,2822,SALMEL,5.958,12.450
GYP04_2021_3,GYP04_2021,GYP04,2021,5/6,3,20,2829,SALMEL,8.329,25.615
GYP04_2021_3,GYP04_2021,GYP04,2021,5/6,3,20,2831,SALMEL,6.551,17.332
GYP04_2021_3,GYP04_2021,GYP04,2021,5/6,3,20,2837,SALMEL,6.685,21.831
GYP02_2021_3,GYP02_2021,GYP02,2021,5/6,3,45,2642,SALMEL,7.484,18.991
GYP02_2021_3,GYP02_2021,GYP02,2021,5/6,3,45,2645,SALMEL,8.532,21.478
GYP02_2021_3,GYP02_2021,GYP02,2021,5/6,3,45,2646,SALMEL,6.873,20.883
GYP02_2021_3,GYP02_2021,GYP02,2021,5/6,3,45,2648,SALMEL,6.649,18.398
GYP02_2021_3,GYP02_2021,GYP02,2021,5/6,3,15,2684,CALMAC,30.418,673.990
GYP02_2021_3,GYP02_2021,GYP02,2021,5/6,3,15,2685,CALMAC,26.739,542.786
GYP02_2021_3,GYP02_2021,GYP02,2021,5/6,3,15,2686,CALMAC,22.173,346.121
GYP02_2021_3,GYP02_2021,GYP02,2021,5/6,3,15,2687,CALMAC,33.214,797.900
GYP02_2021_3,GYP02_2021,GYP02,2021,5/6,3,15,2688,CALMAC,30.798,699.863
GYP02_2021_3,GYP02_2021,GYP02,2021,5/6,3,15,2689,SALMEL,5.685,14.163
GYP02_2021_3,GYP02_2021,GYP02,2021,5/6,3,15,2692,SALMEL,7.470,24.212
GYP02_2021_3,GYP02_2021,GYP02,2021,5/6,3,15,2693,SALMEL,6.861,20.066
SS03_2021_3,SS03_2021,SS03,2021,5/7,3,45,2934,EROBOT,12.418,84.917
SS03_2021_3,SS03_2021,SS03,2021,5/7,3,45,2935,EROBOT,15.784,149.177
SS03_2021_3,SS03_2021,SS03,2021,5/7,3,45,2936,EROBOT,17.871,186.256
SS03_2021_3,SS03_2021,SS03,2021,5/7,3,45,2937,EROBOT,14.057,117.520
SS03_2021_3,SS03_2021,SS03,2021,5/7,3,45,2938,EROBOT,15.904,134.907
SS03_2021_3,SS03_2021,SS03,2021,5/7,3,45,2939,EROBOT,16.765,160.121
SS03_2021_3,SS03_2021,SS03,2021,5/7,3,40,2949,EROBOT,16.262,162.083
SS03_2021_3,SS03_2021,SS03,2021,5/7,3,35,2957,CALMAC,43.268,1417.413
SS03_2021_3,SS03_2021,SS03,2021,5/7,3,35,2958,EROCIC,10.575,52.790
SS03_2021_3,SS03_2021,SS03,2021,5/7,3,35,2959,EROCIC,11.196,52.748
SS03_2021_3,SS03_2021,SS03,2021,5/7,3,35,2960,EROCIC,9.936,44.932
SS03_2021_3,SS03_2021,SS03,2021,5/7,3,35,2961,EROCIC,10.364,46.644
SS03_2021_3,SS03_2021,SS03,2021,5/7,3,35,2962,EROCIC,10.989,59.114
SS03_2021_3,SS03_2021,SS03,2021,5/7,3,35,2963,EROCIC,9.873,50.234
SS03_2021_3,SS03_2021,SS03,2021,5/7,3,35,2964,EROCIC,8.707,34.355
SS03_2021_3,SS03_2021,SS03,2021,5/7,3,35,2966,EROCIC,9.001,36.384
SS03_2021_3,SS03_2021,SS03,2021,5/7,3,30,2973,EROCIC,11.439,55.758
SS03_2021_3,SS03_2021,SS03,2021,5/7,3,30,2974,EROCIC,10.512,46.569
SS03_2021_3,SS03_2021,SS03,2021,5/7,3,30,2975,EROCIC,11.011,58.335
SS03_2021_3,SS03_2021,SS03,2021,5/7,3,30,2976,EROCIC,10.067,42.929
SS03_2021_3,SS03_2021,SS03,2021,5/7,3,30,2977,EROCIC,12.434,61.213
SS03_2021_3,SS03_2021,SS03,2021,5/7,3,30,2978,EROCIC,11.499,54.234
SS03_2021_3,SS03_2021,SS03,2021,5/7,3,30,2979,EROCIC,12.183,55.497